pair_index,free_slot,sent_order,template,differences,case,referent,prime,prime_referent,prime_case,prime_style,has_personal_pronoun,has_inanimate_pronoun
0,2,"[0, 1]",The technician told the customer that BLANK had completed the repair.,"['he', 'she']",$NOM_PRONOUN,technician,The technician told the customer that the customer could pay with cash.,customer,$NOM_PRONOUN,repeated_np,False,False
0,1,"[1, 0]",The technician told the customer that BLANK could pay with cash.,"['he', 'she']",$NOM_PRONOUN,customer,The technician told the customer that the technician had completed the repair.,technician,$NOM_PRONOUN,repeated_np,False,False
1,2,"[0, 1]",The technician had to call the customer for BLANK to convey that the repairs were done.,"['him', 'her']",$ACC_PRONOUN,technician,The technician had to call the customer for the customer to pay for the repair.,customer,$ACC_PRONOUN,repeated_np,False,False
1,1,"[1, 0]",The technician had to call the customer for BLANK to pay for the repair.,"['him', 'her']",$ACC_PRONOUN,customer,The technician had to call the customer for the technician to convey that the repairs were done.,technician,$ACC_PRONOUN,repeated_np,False,False
2,2,"[0, 1]",The customer told the technician that BLANK charges were too high.,"['his', 'her']",$POSS_PRONOUN,technician,The customer told the technician that the customer's fridge was no longer working.,customer,$POSS_PRONOUN,repeated_np,False,False
2,1,"[1, 0]",The customer told the technician that BLANK fridge was no longer working.,"['his', 'her']",$POSS_PRONOUN,customer,The customer told the technician that the technician's charges were too high.,technician,$POSS_PRONOUN,repeated_np,False,False
3,2,"[0, 1]",The taxpayer met with the accountant to find out if BLANK could help with tax preparation.,"['he', 'she']",$NOM_PRONOUN,accountant,The taxpayer met with the accountant to find out if the taxpayer could save on taxes.,taxpayer,$NOM_PRONOUN,repeated_np,False,False
3,1,"[1, 0]",The taxpayer met with the accountant to find out if BLANK could save on taxes.,"['he', 'she']",$NOM_PRONOUN,taxpayer,The taxpayer met with the accountant to find out if the accountant could help with tax preparation.,accountant,$NOM_PRONOUN,repeated_np,False,False
4,2,"[0, 1]",The taxpayer met with the accountant for BLANK to help with tax preparation.,"['him', 'her']",$ACC_PRONOUN,accountant,The taxpayer met with the accountant for the taxpayer to get tax preparation help.,taxpayer,$ACC_PRONOUN,repeated_np,False,False
4,1,"[1, 0]",The taxpayer met with the accountant for BLANK to get tax preparation help.,"['him', 'her']",$ACC_PRONOUN,taxpayer,The taxpayer met with the accountant for the accountant to help with tax preparation.,accountant,$ACC_PRONOUN,repeated_np,False,False
5,2,"[0, 1]",The taxpayer had questions for the accountant about BLANK charges for preparing tax returns.,"['his', 'her']",$POSS_PRONOUN,accountant,The taxpayer had questions for the accountant about the taxpayer's tax return from last year.,taxpayer,$POSS_PRONOUN,repeated_np,False,False
5,1,"[1, 0]",The taxpayer had questions for the accountant about BLANK tax return from last year.,"['his', 'her']",$POSS_PRONOUN,taxpayer,The taxpayer had questions for the accountant about the accountant's charges for preparing tax returns.,accountant,$POSS_PRONOUN,repeated_np,False,False
6,2,"[0, 1]",The employee met with the supervisor to ask whether BLANK would approve a part-time contract.,"['he', 'she']",$NOM_PRONOUN,supervisor,The employee met with the supervisor to ask whether the employee could work part-time.,employee,$NOM_PRONOUN,repeated_np,False,False
6,1,"[1, 0]",The employee met with the supervisor to ask whether BLANK could work part-time.,"['he', 'she']",$NOM_PRONOUN,employee,The employee met with the supervisor to ask whether the supervisor would approve a part-time contract.,supervisor,$NOM_PRONOUN,repeated_np,False,False
7,2,"[0, 1]",The supervisor had to ask the employee many questions for BLANK to do a complete performance evaluation.,"['him', 'her']",$ACC_PRONOUN,supervisor,The supervisor had to ask the employee many questions for the employee to finally tell the truth.,employee,$ACC_PRONOUN,repeated_np,False,False
7,1,"[1, 0]",The supervisor had to ask the employee many questions for BLANK to finally tell the truth.,"['him', 'her']",$ACC_PRONOUN,employee,The supervisor had to ask the employee many questions for the supervisor to do a complete performance evaluation.,supervisor,$ACC_PRONOUN,repeated_np,False,False
8,2,"[0, 1]",The supervisor gave the employee BLANK honest feedback.,"['his', 'her']",$POSS_PRONOUN,supervisor,The supervisor gave the employee the employee's year-end bonus.,employee,$POSS_PRONOUN,repeated_np,False,False
8,1,"[1, 0]",The supervisor gave the employee BLANK year-end bonus.,"['his', 'her']",$POSS_PRONOUN,employee,The supervisor gave the employee the supervisor's honest feedback.,supervisor,$POSS_PRONOUN,repeated_np,False,False
9,2,"[0, 1]",The engineer informed the client that BLANK would need to make all future payments on time.,"['he', 'she']",$NOM_PRONOUN,client,The engineer informed the client that the engineer would need more time to complete the project.,engineer,$NOM_PRONOUN,repeated_np,False,False
9,1,"[1, 0]",The engineer informed the client that BLANK would need more time to complete the project.,"['he', 'she']",$NOM_PRONOUN,engineer,The engineer informed the client that the client would need to make all future payments on time.,client,$NOM_PRONOUN,repeated_np,False,False
10,2,"[0, 1]",The engineer met with the client for BLANK to provide feedback on the plans for the new bridge.,"['him', 'her']",$ACC_PRONOUN,client,The engineer met with the client for the engineer to present the updated plans for the new bridge.,engineer,$ACC_PRONOUN,repeated_np,False,False
10,1,"[1, 0]",The engineer met with the client for BLANK to present the updated plans for the new bridge.,"['him', 'her']",$ACC_PRONOUN,engineer,The engineer met with the client for the client to provide feedback on the plans for the new bridge.,client,$ACC_PRONOUN,repeated_np,False,False
11,2,"[0, 1]",The engineer told the client that BLANK cheque had bounced.,"['his', 'her']",$POSS_PRONOUN,client,The engineer told the client that the engineer's calculations for the bridge were ready.,engineer,$POSS_PRONOUN,repeated_np,False,False
11,1,"[1, 0]",The engineer told the client that BLANK calculations for the bridge were ready.,"['his', 'her']",$POSS_PRONOUN,engineer,The engineer told the client that the client's cheque had bounced.,client,$POSS_PRONOUN,repeated_np,False,False
12,2,"[0, 1]",The worker told the pedestrian that BLANK would repair the sidewalk as quickly as possible.,"['he', 'she']",$NOM_PRONOUN,worker,The worker told the pedestrian that the pedestrian should avoid the closed portion of the street.,pedestrian,$NOM_PRONOUN,repeated_np,False,False
12,1,"[1, 0]",The worker told the pedestrian that BLANK should avoid the closed portion of the street.,"['he', 'she']",$NOM_PRONOUN,pedestrian,The worker told the pedestrian that the worker would repair the sidewalk as quickly as possible.,worker,$NOM_PRONOUN,repeated_np,False,False
13,2,"[0, 1]",The worker asked the pedestrian to leave the construction area for BLANK to resume working without interruption.,"['him', 'her']",$ACC_PRONOUN,worker,The worker asked the pedestrian to leave the construction area for the pedestrian to be safe from falling debris.,pedestrian,$ACC_PRONOUN,repeated_np,False,False
13,1,"[1, 0]",The worker asked the pedestrian to leave the construction area for BLANK to be safe from falling debris.,"['him', 'her']",$ACC_PRONOUN,pedestrian,The worker asked the pedestrian to leave the construction area for the worker to resume working without interruption.,worker,$ACC_PRONOUN,repeated_np,False,False
14,2,"[0, 1]",The worker told the pedestrian to use the other sidewalk for BLANK work to continue.,"['his', 'her']",$POSS_PRONOUN,worker,The worker told the pedestrian to use the other sidewalk for the pedestrian's safety.,pedestrian,$POSS_PRONOUN,repeated_np,False,False
14,1,"[1, 0]",The worker told the pedestrian to use the other sidewalk for BLANK safety.,"['his', 'her']",$POSS_PRONOUN,pedestrian,The worker told the pedestrian to use the other sidewalk for the worker's work to continue.,worker,$POSS_PRONOUN,repeated_np,False,False
15,2,"[0, 1]",The educator met with the student to ask if BLANK could clarify any content.,"['he', 'she']",$NOM_PRONOUN,educator,The educator met with the student to ask if the student needed an extension.,student,$NOM_PRONOUN,repeated_np,False,False
15,1,"[1, 0]",The educator met with the student to ask if BLANK needed an extension.,"['he', 'she']",$NOM_PRONOUN,student,The educator met with the student to ask if the educator could clarify any content.,educator,$NOM_PRONOUN,repeated_np,False,False
16,2,"[0, 1]",The educator assigned the student homework for BLANK to assess comprehension of the material.,"['him', 'her']",$ACC_PRONOUN,educator,The educator assigned the student homework for the student to do after every lesson.,student,$ACC_PRONOUN,repeated_np,False,False
16,1,"[1, 0]",The educator assigned the student homework for BLANK to do after every lesson.,"['him', 'her']",$ACC_PRONOUN,student,The educator assigned the student homework for the educator to assess comprehension of the material.,educator,$ACC_PRONOUN,repeated_np,False,False
17,2,"[0, 1]",The educator met with the student to discuss BLANK grading policy.,"['his', 'her']",$POSS_PRONOUN,educator,The educator met with the student to discuss the student's writing skills.,student,$POSS_PRONOUN,repeated_np,False,False
17,1,"[1, 0]",The educator met with the student to discuss BLANK writing skills.,"['his', 'her']",$POSS_PRONOUN,student,The educator met with the student to discuss the educator's grading policy.,educator,$POSS_PRONOUN,repeated_np,False,False
18,2,"[0, 1]",The customer asked the clerk which forms BLANK wanted signatures on.,"['he', 'she']",$NOM_PRONOUN,clerk,The customer asked the clerk which forms the customer needed to fill out at home.,customer,$NOM_PRONOUN,repeated_np,False,False
18,1,"[1, 0]",The customer asked the clerk which forms BLANK needed to fill out at home.,"['he', 'she']",$NOM_PRONOUN,customer,The customer asked the clerk which forms the clerk wanted signatures on.,clerk,$NOM_PRONOUN,repeated_np,False,False
19,2,"[0, 1]",The clerk provided the customer with paperwork for BLANK to stamp upon completion.,"['him', 'her']",$ACC_PRONOUN,clerk,The clerk provided the customer with paperwork for the customer to fill out at home.,customer,$ACC_PRONOUN,repeated_np,False,False
19,1,"[1, 0]",The clerk provided the customer with paperwork for BLANK to fill out at home.,"['him', 'her']",$ACC_PRONOUN,customer,The clerk provided the customer with paperwork for the clerk to stamp upon completion.,clerk,$ACC_PRONOUN,repeated_np,False,False
20,2,"[0, 1]",The clerk asked the customer to give BLANK pen back.,"['his', 'her']",$POSS_PRONOUN,clerk,The clerk asked the customer to give the customer's filled paperwork to the office.,customer,$POSS_PRONOUN,repeated_np,False,False
20,1,"[1, 0]",The clerk asked the customer to give BLANK filled paperwork to the office.,"['his', 'her']",$POSS_PRONOUN,customer,The clerk asked the customer to give the clerk's pen back.,clerk,$POSS_PRONOUN,repeated_np,False,False
21,2,"[0, 1]",The counselor told the patient that BLANK did not have to pay out of pocket for the sessions.,"['he', 'she']",$NOM_PRONOUN,patient,The counselor told the patient that the counselor had an official duty to report certain issues.,counselor,$NOM_PRONOUN,repeated_np,False,False
21,1,"[1, 0]",The counselor told the patient that BLANK had an official duty to report certain issues.,"['he', 'she']",$NOM_PRONOUN,counselor,The counselor told the patient that the patient did not have to pay out of pocket for the sessions.,patient,$NOM_PRONOUN,repeated_np,False,False
22,2,"[0, 1]",The patient and the counselor agreed on having biweekly sessions for BLANK to be able to afford it.,"['him', 'her']",$ACC_PRONOUN,patient,The patient and the counselor agreed on having biweekly sessions for the counselor to be able to closely monitor progress.,counselor,$ACC_PRONOUN,repeated_np,False,False
22,1,"[1, 0]",The patient and the counselor agreed on having biweekly sessions for BLANK to be able to closely monitor progress.,"['him', 'her']",$ACC_PRONOUN,counselor,The patient and the counselor agreed on having biweekly sessions for the patient to be able to afford it.,patient,$ACC_PRONOUN,repeated_np,False,True
23,2,"[0, 1]",The counselor informed the patient that BLANK insurance fully covered the cost of the sessions.,"['his', 'her']",$POSS_PRONOUN,patient,The counselor informed the patient that the counselor's qualifications were in psychology.,counselor,$POSS_PRONOUN,repeated_np,False,False
23,1,"[1, 0]",The counselor informed the patient that BLANK qualifications were in psychology.,"['his', 'her']",$POSS_PRONOUN,counselor,The counselor informed the patient that the patient's insurance fully covered the cost of the sessions.,patient,$POSS_PRONOUN,repeated_np,False,False
24,2,"[0, 1]",The homeowner asked the inspector if the house BLANK had inspected had any building code violations.,"['he', 'she']",$NOM_PRONOUN,inspector,The homeowner asked the inspector if the house the homeowner had purchased was structurally sound.,homeowner,$NOM_PRONOUN,repeated_np,False,False
24,1,"[1, 0]",The homeowner asked the inspector if the house BLANK had purchased was structurally sound.,"['he', 'she']",$NOM_PRONOUN,homeowner,The homeowner asked the inspector if the house the inspector had inspected had any building code violations.,inspector,$NOM_PRONOUN,repeated_np,False,False
25,2,"[0, 1]",The inspector told the homeowner that it was necessary for BLANK to report any building code violations found during the inspection.,"['him', 'her']",$ACC_PRONOUN,inspector,The inspector told the homeowner that it was necessary for the homeowner to fix any building code violations found during the inspection.,homeowner,$ACC_PRONOUN,repeated_np,False,True
25,1,"[1, 0]",The inspector told the homeowner that it was necessary for BLANK to fix any building code violations found during the inspection.,"['him', 'her']",$ACC_PRONOUN,homeowner,The inspector told the homeowner that it was necessary for the inspector to report any building code violations found during the inspection.,inspector,$ACC_PRONOUN,repeated_np,False,True
26,2,"[0, 1]",The homeowner asked the inspector if BLANK inspections usually took more than an hour.,"['his', 'her']",$POSS_PRONOUN,inspector,The homeowner asked the inspector if the homeowner's attic also needed to be inspected.,homeowner,$POSS_PRONOUN,repeated_np,False,False
26,1,"[1, 0]",The homeowner asked the inspector if BLANK attic also needed to be inspected.,"['his', 'her']",$POSS_PRONOUN,homeowner,The homeowner asked the inspector if the inspector's inspections usually took more than an hour.,inspector,$POSS_PRONOUN,repeated_np,False,False
27,2,"[0, 1]",The mechanic called to inform the customer that BLANK had completed the repair.,"['he', 'she']",$NOM_PRONOUN,mechanic,The mechanic called to inform the customer that the customer had not paid for the repair yet.,customer,$NOM_PRONOUN,repeated_np,False,False
27,1,"[1, 0]",The mechanic called to inform the customer that BLANK had not paid for the repair yet.,"['he', 'she']",$NOM_PRONOUN,customer,The mechanic called to inform the customer that the mechanic had completed the repair.,mechanic,$NOM_PRONOUN,repeated_np,False,False
28,2,"[0, 1]",The mechanic told the customer it was not possible for BLANK to repair the car.,"['him', 'her']",$ACC_PRONOUN,mechanic,The mechanic told the customer it was not possible for the customer to drop the car off for repairs on a weekend.,customer,$ACC_PRONOUN,repeated_np,False,True
28,1,"[1, 0]",The mechanic told the customer it was not possible for BLANK to drop the car off for repairs on a weekend.,"['him', 'her']",$ACC_PRONOUN,customer,The mechanic told the customer it was not possible for the mechanic to repair the car.,mechanic,$ACC_PRONOUN,repeated_np,False,True
29,2,"[0, 1]",The mechanic called to inform the customer that BLANK prices had gone up.,"['his', 'her']",$POSS_PRONOUN,mechanic,The mechanic called to inform the customer that the customer's car would be ready in the morning.,customer,$POSS_PRONOUN,repeated_np,False,False
29,1,"[1, 0]",The mechanic called to inform the customer that BLANK car would be ready in the morning.,"['his', 'her']",$POSS_PRONOUN,customer,The mechanic called to inform the customer that the mechanic's prices had gone up.,mechanic,$POSS_PRONOUN,repeated_np,False,False
30,2,"[0, 1]",The customer asked to speak with the manager because BLANK wanted the billing error fixed quickly.,"['he', 'she']",$NOM_PRONOUN,customer,The customer asked to speak with the manager because the manager would be able to fix the billing error.,manager,$NOM_PRONOUN,repeated_np,False,False
30,1,"[1, 0]",The customer asked to speak with the manager because BLANK would be able to fix the billing error.,"['he', 'she']",$NOM_PRONOUN,manager,The customer asked to speak with the manager because the customer wanted the billing error fixed quickly.,customer,$NOM_PRONOUN,repeated_np,False,False
31,2,"[0, 1]",The customer called the manager over for BLANK to enquire about the bill.,"['him', 'her']",$ACC_PRONOUN,customer,The customer called the manager over for the manager to fix the billing error.,manager,$ACC_PRONOUN,repeated_np,False,False
31,1,"[1, 0]",The customer called the manager over for BLANK to fix the billing error.,"['him', 'her']",$ACC_PRONOUN,manager,The customer called the manager over for the customer to enquire about the bill.,customer,$ACC_PRONOUN,repeated_np,False,False
32,2,"[0, 1]",The manager called the customer to follow up on BLANK complaint about the restaurant.,"['his', 'her']",$POSS_PRONOUN,customer,The manager called the customer to follow up on the manager's restaurant's billing error.,manager,$POSS_PRONOUN,repeated_np,False,False
32,1,"[1, 0]",The manager called the customer to follow up on BLANK restaurant's billing error.,"['his', 'her']",$POSS_PRONOUN,manager,The manager called the customer to follow up on the customer's complaint about the restaurant.,customer,$POSS_PRONOUN,repeated_np,False,False
33,2,"[0, 1]",The teenager confided in the therapist because BLANK needed emotional support.,"['he', 'she']",$NOM_PRONOUN,teenager,The teenager confided in the therapist because the therapist seemed trustworthy.,therapist,$NOM_PRONOUN,repeated_np,False,False
33,1,"[1, 0]",The teenager confided in the therapist because BLANK seemed trustworthy.,"['he', 'she']",$NOM_PRONOUN,therapist,The teenager confided in the therapist because the teenager needed emotional support.,teenager,$NOM_PRONOUN,repeated_np,False,False
34,2,"[0, 1]",The therapist gave the teenager a questionnaire for BLANK to fill out.,"['him', 'her']",$ACC_PRONOUN,teenager,The therapist gave the teenager a questionnaire for the therapist to make an assessment.,therapist,$ACC_PRONOUN,repeated_np,False,False
34,1,"[1, 0]",The therapist gave the teenager a questionnaire for BLANK to make an assessment.,"['him', 'her']",$ACC_PRONOUN,therapist,The therapist gave the teenager a questionnaire for the teenager to fill out.,teenager,$ACC_PRONOUN,repeated_np,False,False
35,2,"[0, 1]",The teenager had questions for the therapist about BLANK mood swings.,"['his', 'her']",$POSS_PRONOUN,teenager,The teenager had questions for the therapist about the therapist's qualifications in psychology.,therapist,$POSS_PRONOUN,repeated_np,False,False
35,1,"[1, 0]",The teenager had questions for the therapist about BLANK qualifications in psychology.,"['his', 'her']",$POSS_PRONOUN,therapist,The teenager had questions for the therapist about the teenager's mood swings.,teenager,$POSS_PRONOUN,repeated_np,False,False
36,2,"[0, 1]",The undergraduate presented the administrator with a petition that BLANK had been unaware of.,"['he', 'she']",$NOM_PRONOUN,administrator,The undergraduate presented the administrator with a petition that the undergraduate had written.,undergraduate,$NOM_PRONOUN,repeated_np,False,False
36,1,"[1, 0]",The undergraduate presented the administrator with a petition that BLANK had written.,"['he', 'she']",$NOM_PRONOUN,undergraduate,The undergraduate presented the administrator with a petition that the administrator had been unaware of.,administrator,$NOM_PRONOUN,repeated_np,False,False
37,2,"[0, 1]",The undergraduate met with the administrator for BLANK to acknowledge the petition.,"['him', 'her']",$ACC_PRONOUN,administrator,The undergraduate met with the administrator for the undergraduate to present a petition.,undergraduate,$ACC_PRONOUN,repeated_np,False,False
37,1,"[1, 0]",The undergraduate met with the administrator for BLANK to present a petition.,"['him', 'her']",$ACC_PRONOUN,undergraduate,The undergraduate met with the administrator for the administrator to acknowledge the petition.,administrator,$ACC_PRONOUN,repeated_np,False,False
38,2,"[0, 1]",The undergraduate presented the administrator with a petition to address BLANK mishandling of student affairs.,"['his', 'her']",$POSS_PRONOUN,administrator,The undergraduate presented the administrator with a petition to address the undergraduate's accessibility needs.,undergraduate,$POSS_PRONOUN,repeated_np,False,False
38,1,"[1, 0]",The undergraduate presented the administrator with a petition to address BLANK accessibility needs.,"['his', 'her']",$POSS_PRONOUN,undergraduate,The undergraduate presented the administrator with a petition to address the administrator's mishandling of student affairs.,administrator,$POSS_PRONOUN,repeated_np,False,False
39,2,"[0, 1]",The customer asked the salesperson if BLANK could get an additional discount.,"['he', 'she']",$NOM_PRONOUN,customer,The customer asked the salesperson if the salesperson could explain the pricing of each product.,salesperson,$NOM_PRONOUN,repeated_np,False,False
39,1,"[1, 0]",The customer asked the salesperson if BLANK could explain the pricing of each product.,"['he', 'she']",$NOM_PRONOUN,salesperson,The customer asked the salesperson if the customer could get an additional discount.,customer,$NOM_PRONOUN,repeated_np,False,False
40,2,"[0, 1]",The customer showed the salesperson a list of products for BLANK to purchase with coupons.,"['him', 'her']",$ACC_PRONOUN,customer,The customer showed the salesperson a list of products for the salesperson to look for in the back.,salesperson,$ACC_PRONOUN,repeated_np,False,False
40,1,"[1, 0]",The customer showed the salesperson a list of products for BLANK to look for in the back.,"['him', 'her']",$ACC_PRONOUN,salesperson,The customer showed the salesperson a list of products for the customer to purchase with coupons.,customer,$ACC_PRONOUN,repeated_np,False,False
41,2,"[0, 1]",The customer asked the salesperson whether BLANK credit card would be accepted.,"['his', 'her']",$POSS_PRONOUN,customer,The customer asked the salesperson whether the salesperson's prices included tax.,salesperson,$POSS_PRONOUN,repeated_np,False,False
41,1,"[1, 0]",The customer asked the salesperson whether BLANK prices included tax.,"['his', 'her']",$POSS_PRONOUN,salesperson,The customer asked the salesperson whether the customer's credit card would be accepted.,customer,$POSS_PRONOUN,repeated_np,False,False
42,2,"[0, 1]",The visitor asked the receptionist if BLANK could estimate how long the wait would be.,"['he', 'she']",$NOM_PRONOUN,receptionist,The visitor asked the receptionist if the visitor needed to sign in.,visitor,$NOM_PRONOUN,repeated_np,False,False
42,1,"[1, 0]",The visitor asked the receptionist if BLANK needed to sign in.,"['he', 'she']",$NOM_PRONOUN,visitor,The visitor asked the receptionist if the receptionist could estimate how long the wait would be.,receptionist,$NOM_PRONOUN,repeated_np,False,False
43,2,"[0, 1]",The visitor needed to talk to the receptionist for BLANK to issue a guest pass allowing access to the building.,"['him', 'her']",$ACC_PRONOUN,receptionist,The visitor needed to talk to the receptionist for the visitor to get a guest pass allowing access to the building.,visitor,$ACC_PRONOUN,repeated_np,False,False
43,1,"[1, 0]",The visitor needed to talk to the receptionist for BLANK to get a guest pass allowing access to the building.,"['him', 'her']",$ACC_PRONOUN,visitor,The visitor needed to talk to the receptionist for the receptionist to issue a guest pass allowing access to the building.,receptionist,$ACC_PRONOUN,repeated_np,False,False
44,2,"[0, 1]",The receptionist gave the visitor BLANK estimate of the wait time.,"['his', 'her']",$POSS_PRONOUN,receptionist,The receptionist gave the visitor the visitor's ID back.,visitor,$POSS_PRONOUN,repeated_np,False,False
44,1,"[1, 0]",The receptionist gave the visitor BLANK ID back.,"['his', 'her']",$POSS_PRONOUN,visitor,The receptionist gave the visitor the receptionist's estimate of the wait time.,receptionist,$POSS_PRONOUN,repeated_np,False,False
45,2,"[0, 1]",The librarian helped the child pick out a book because BLANK liked to encourage reading.,"['he', 'she']",$NOM_PRONOUN,librarian,The librarian helped the child pick out a book because the child did not know what to read.,child,$NOM_PRONOUN,repeated_np,False,False
45,1,"[1, 0]",The librarian helped the child pick out a book because BLANK did not know what to read.,"['he', 'she']",$NOM_PRONOUN,child,The librarian helped the child pick out a book because the librarian liked to encourage reading.,librarian,$NOM_PRONOUN,repeated_np,False,False
46,2,"[0, 1]",The librarian told the child it was only possible for BLANK to recommend age-appropriate books.,"['him', 'her']",$ACC_PRONOUN,librarian,The librarian told the child it was only possible for the child to borrow books with a library card.,child,$ACC_PRONOUN,repeated_np,False,True
46,1,"[1, 0]",The librarian told the child it was only possible for BLANK to borrow books with a library card.,"['him', 'her']",$ACC_PRONOUN,child,The librarian told the child it was only possible for the librarian to recommend age-appropriate books.,librarian,$ACC_PRONOUN,repeated_np,False,True
47,2,"[0, 1]",The librarian gave the child BLANK recommendation for a fantasy book.,"['his', 'her']",$POSS_PRONOUN,librarian,The librarian gave the child the child's first library card.,child,$POSS_PRONOUN,repeated_np,False,False
47,1,"[1, 0]",The librarian gave the child BLANK first library card.,"['his', 'her']",$POSS_PRONOUN,child,The librarian gave the child the librarian's recommendation for a fantasy book.,librarian,$POSS_PRONOUN,repeated_np,False,False
48,2,"[0, 1]",The advisor met with the advisee because BLANK wanted to give advice about job applications.,"['he', 'she']",$NOM_PRONOUN,advisor,The advisor met with the advisee because the advisee wanted to get advice about job applications.,advisee,$NOM_PRONOUN,repeated_np,False,False
48,1,"[1, 0]",The advisor met with the advisee because BLANK wanted to get advice about job applications.,"['he', 'she']",$NOM_PRONOUN,advisee,The advisor met with the advisee because the advisor wanted to give advice about job applications.,advisor,$NOM_PRONOUN,repeated_np,False,False
49,2,"[0, 1]",The advisee gave the advisor the draft of a CV for BLANK to provide feedback.,"['him', 'her']",$ACC_PRONOUN,advisor,The advisee gave the advisor the draft of a CV for the advisee to get feedback.,advisee,$ACC_PRONOUN,repeated_np,False,False
49,1,"[1, 0]",The advisee gave the advisor the draft of a CV for BLANK to get feedback.,"['him', 'her']",$ACC_PRONOUN,advisee,The advisee gave the advisor the draft of a CV for the advisor to provide feedback.,advisor,$ACC_PRONOUN,repeated_np,False,False
50,2,"[0, 1]",The advisor met with the advisee to discuss BLANK advice about job applications.,"['his', 'her']",$POSS_PRONOUN,advisor,The advisor met with the advisee to discuss the advisee's CV draft.,advisee,$POSS_PRONOUN,repeated_np,False,False
50,1,"[1, 0]",The advisor met with the advisee to discuss BLANK CV draft.,"['his', 'her']",$POSS_PRONOUN,advisee,The advisor met with the advisee to discuss the advisor's advice about job applications.,advisor,$POSS_PRONOUN,repeated_np,False,False
51,2,"[0, 1]",The pharmacist told the patient that BLANK recommended taking the pills with food.,"['he', 'she']",$NOM_PRONOUN,pharmacist,The pharmacist told the patient that the patient should take the pills with food.,patient,$NOM_PRONOUN,repeated_np,False,False
51,1,"[1, 0]",The pharmacist told the patient that BLANK should take the pills with food.,"['he', 'she']",$NOM_PRONOUN,patient,The pharmacist told the patient that the pharmacist recommended taking the pills with food.,pharmacist,$NOM_PRONOUN,repeated_np,False,False
52,2,"[0, 1]",The pharmacist gave the patient an information sheet about the drug for BLANK to explain the side effects.,"['him', 'her']",$ACC_PRONOUN,pharmacist,The pharmacist gave the patient an information sheet about the drug for the patient to understand the side effects.,patient,$ACC_PRONOUN,repeated_np,False,False
52,1,"[1, 0]",The pharmacist gave the patient an information sheet about the drug for BLANK to understand the side effects.,"['him', 'her']",$ACC_PRONOUN,patient,The pharmacist gave the patient an information sheet about the drug for the pharmacist to explain the side effects.,pharmacist,$ACC_PRONOUN,repeated_np,False,False
53,2,"[0, 1]",The pharmacist told the patient to take BLANK instructions seriously for a quick recovery.,"['his', 'her']",$POSS_PRONOUN,pharmacist,The pharmacist told the patient to take the patient's pills with food.,patient,$POSS_PRONOUN,repeated_np,False,False
53,1,"[1, 0]",The pharmacist told the patient to take BLANK pills with food.,"['his', 'her']",$POSS_PRONOUN,patient,The pharmacist told the patient to take the pharmacist's instructions seriously for a quick recovery.,pharmacist,$POSS_PRONOUN,repeated_np,False,False
54,2,"[0, 1]","The janitor warned the child not to step on the wet floor, otherwise BLANK would have to mop it all over again.","['he', 'she']",$NOM_PRONOUN,janitor,"The janitor warned the child not to step on the wet floor, otherwise the child might fall and get hurt.",child,$NOM_PRONOUN,repeated_np,False,False
54,1,"[1, 0]","The janitor warned the child not to step on the wet floor, otherwise BLANK might fall and get hurt.","['he', 'she']",$NOM_PRONOUN,child,"The janitor warned the child not to step on the wet floor, otherwise the janitor would have to mop it all over again.",janitor,$NOM_PRONOUN,repeated_np,False,True
55,2,"[0, 1]",The janitor asked the child to avoid the corridor for BLANK to be able to continue mopping.,"['him', 'her']",$ACC_PRONOUN,janitor,The janitor asked the child to avoid the corridor for the child not to slip and fall on the freshly mopped floor.,child,$ACC_PRONOUN,repeated_np,False,False
55,1,"[1, 0]",The janitor asked the child to avoid the corridor for BLANK not to slip and fall on the freshly mopped floor.,"['him', 'her']",$ACC_PRONOUN,child,The janitor asked the child to avoid the corridor for the janitor to be able to continue mopping.,janitor,$ACC_PRONOUN,repeated_np,False,False
56,2,"[0, 1]",The janitor warned the child not to step on the wet floor for BLANK work not to be undone.,"['his', 'her']",$POSS_PRONOUN,janitor,The janitor warned the child not to step on the wet floor for the child's own safety.,child,$POSS_PRONOUN,repeated_np,False,False
56,1,"[1, 0]",The janitor warned the child not to step on the wet floor for BLANK own safety.,"['his', 'her']",$POSS_PRONOUN,child,The janitor warned the child not to step on the wet floor for the janitor's work not to be undone.,janitor,$POSS_PRONOUN,repeated_np,False,False
57,2,"[0, 1]",The psychologist told the patient to fill out a questionnaire so BLANK could be quickly assessed.,"['he', 'she']",$NOM_PRONOUN,patient,The psychologist told the patient to fill out a questionnaire so the psychologist could make a preliminary assessment.,psychologist,$NOM_PRONOUN,repeated_np,False,False
57,1,"[1, 0]",The psychologist told the patient to fill out a questionnaire so BLANK could make a preliminary assessment.,"['he', 'she']",$NOM_PRONOUN,psychologist,The psychologist told the patient to fill out a questionnaire so the patient could be quickly assessed.,patient,$NOM_PRONOUN,repeated_np,False,False
58,2,"[0, 1]",The psychologist told the patient to fill out a questionnaire for BLANK to disclose any previous diagnoses.,"['him', 'her']",$ACC_PRONOUN,patient,The psychologist told the patient to fill out a questionnaire for the psychologist to get a first impression.,psychologist,$ACC_PRONOUN,repeated_np,False,False
58,1,"[1, 0]",The psychologist told the patient to fill out a questionnaire for BLANK to get a first impression.,"['him', 'her']",$ACC_PRONOUN,psychologist,The psychologist told the patient to fill out a questionnaire for the patient to disclose any previous diagnoses.,patient,$ACC_PRONOUN,repeated_np,False,False
59,2,"[0, 1]",The psychologist told the patient about BLANK new medication schedule.,"['his', 'her']",$POSS_PRONOUN,patient,The psychologist told the patient about the psychologist's first impressions.,psychologist,$POSS_PRONOUN,repeated_np,False,False
59,1,"[1, 0]",The psychologist told the patient about BLANK first impressions.,"['his', 'her']",$POSS_PRONOUN,psychologist,The psychologist told the patient about the patient's new medication schedule.,patient,$POSS_PRONOUN,repeated_np,False,False
60,2,"[0, 1]",The physician warned the patient that BLANK could not safely prescribe a higher dose.,"['he', 'she']",$NOM_PRONOUN,physician,The physician warned the patient that the patient might experience side effects.,patient,$NOM_PRONOUN,repeated_np,False,False
60,1,"[1, 0]",The physician warned the patient that BLANK might experience side effects.,"['he', 'she']",$NOM_PRONOUN,patient,The physician warned the patient that the physician could not safely prescribe a higher dose.,physician,$NOM_PRONOUN,repeated_np,False,False
61,2,"[0, 1]",The physician asked the patient for a signature for BLANK to be able to administer the vaccine.,"['him', 'her']",$ACC_PRONOUN,physician,The physician asked the patient for a signature for the patient to be able to get the vaccine.,patient,$ACC_PRONOUN,repeated_np,False,False
61,1,"[1, 0]",The physician asked the patient for a signature for BLANK to be able to get the vaccine.,"['him', 'her']",$ACC_PRONOUN,patient,The physician asked the patient for a signature for the physician to be able to administer the vaccine.,physician,$ACC_PRONOUN,repeated_np,False,False
62,2,"[0, 1]",The physician explained to the patient why BLANK office was unable to perform this type of test.,"['his', 'her']",$POSS_PRONOUN,physician,The physician explained to the patient why the patient's cholesterol levels had gone up.,patient,$POSS_PRONOUN,repeated_np,False,False
62,1,"[1, 0]",The physician explained to the patient why BLANK cholesterol levels had gone up.,"['his', 'her']",$POSS_PRONOUN,patient,The physician explained to the patient why the physician's office was unable to perform this type of test.,physician,$POSS_PRONOUN,repeated_np,False,False
63,2,"[0, 1]",The carpenter told the onlooker that BLANK had been working on the house for three weeks.,"['he', 'she']",$NOM_PRONOUN,carpenter,The carpenter told the onlooker that the onlooker needed to stand at least thirty feet from the building site.,onlooker,$NOM_PRONOUN,repeated_np,False,False
63,1,"[1, 0]",The carpenter told the onlooker that BLANK needed to stand at least thirty feet from the building site.,"['he', 'she']",$NOM_PRONOUN,onlooker,The carpenter told the onlooker that the carpenter had been working on the house for three weeks.,carpenter,$NOM_PRONOUN,repeated_np,False,False
64,2,"[0, 1]",The carpenter told the onlooker about the work for BLANK to get recognition.,"['him', 'her']",$ACC_PRONOUN,carpenter,The carpenter told the onlooker about the work for the onlooker to get an impression of its complexity.,onlooker,$ACC_PRONOUN,repeated_np,False,True
64,1,"[1, 0]",The carpenter told the onlooker about the work for BLANK to get an impression of its complexity.,"['him', 'her']",$ACC_PRONOUN,onlooker,The carpenter told the onlooker about the work for the carpenter to get recognition.,carpenter,$ACC_PRONOUN,repeated_np,False,False
65,2,"[0, 1]",The carpenter gave the onlooker a hard hat to ensure BLANK site remained accident-free.,"['his', 'her']",$POSS_PRONOUN,carpenter,The carpenter gave the onlooker a hard hat to ensure the onlooker's safety while observing the site.,onlooker,$POSS_PRONOUN,repeated_np,False,False
65,1,"[1, 0]",The carpenter gave the onlooker a hard hat to ensure BLANK safety while observing the site.,"['his', 'her']",$POSS_PRONOUN,onlooker,The carpenter gave the onlooker a hard hat to ensure the carpenter's site remained accident-free.,carpenter,$POSS_PRONOUN,repeated_np,False,False
66,2,"[0, 1]",The nurse notified the patient that BLANK had lower blood pressure readings than usual.,"['he', 'she']",$NOM_PRONOUN,patient,The nurse notified the patient that the nurse would be off work in an hour.,nurse,$NOM_PRONOUN,repeated_np,False,False
66,1,"[1, 0]",The nurse notified the patient that BLANK would be off work in an hour.,"['he', 'she']",$NOM_PRONOUN,nurse,The nurse notified the patient that the patient had lower blood pressure readings than usual.,patient,$NOM_PRONOUN,repeated_np,False,False
67,2,"[0, 1]",The nurse told the patient not to eat anything for BLANK to be able to have blood drawn.,"['him', 'her']",$ACC_PRONOUN,patient,The nurse told the patient not to eat anything for the nurse to be able to draw a blood sample.,nurse,$ACC_PRONOUN,repeated_np,False,False
67,1,"[1, 0]",The nurse told the patient not to eat anything for BLANK to be able to draw a blood sample.,"['him', 'her']",$ACC_PRONOUN,nurse,The nurse told the patient not to eat anything for the patient to be able to have blood drawn.,patient,$ACC_PRONOUN,repeated_np,False,False
68,2,"[0, 1]",The nurse notified the patient that BLANK blood would be drawn in an hour.,"['his', 'her']",$POSS_PRONOUN,patient,The nurse notified the patient that the nurse's shift would be ending in an hour.,nurse,$POSS_PRONOUN,repeated_np,False,False
68,1,"[1, 0]",The nurse notified the patient that BLANK shift would be ending in an hour.,"['his', 'her']",$POSS_PRONOUN,nurse,The nurse notified the patient that the patient's blood would be drawn in an hour.,patient,$POSS_PRONOUN,repeated_np,False,False
69,2,"[0, 1]","The investigator tried to call the witness, but BLANK kept getting no response.","['he', 'she']",$NOM_PRONOUN,investigator,"The investigator tried to call the witness, but the witness could not be reached.",witness,$NOM_PRONOUN,repeated_np,False,False
69,1,"[1, 0]","The investigator tried to call the witness, but BLANK could not be reached.","['he', 'she']",$NOM_PRONOUN,witness,"The investigator tried to call the witness, but the investigator kept getting no response.",investigator,$NOM_PRONOUN,repeated_np,False,False
70,2,"[0, 1]",The investigator wanted to interview the witness in person for BLANK to observe body language.,"['him', 'her']",$ACC_PRONOUN,investigator,The investigator wanted to interview the witness in person for the witness not to be able to avoid the questions.,witness,$ACC_PRONOUN,repeated_np,False,False
70,1,"[1, 0]",The investigator wanted to interview the witness in person for BLANK not to be able to avoid the questions.,"['him', 'her']",$ACC_PRONOUN,witness,The investigator wanted to interview the witness in person for the investigator to observe body language.,investigator,$ACC_PRONOUN,repeated_np,False,False
71,2,"[0, 1]",The investigator did not trust the witness because BLANK gut said something was wrong.,"['his', 'her']",$POSS_PRONOUN,investigator,The investigator did not trust the witness because the witness's story was full of inconsistencies.,witness,$POSS_PRONOUN,repeated_np,False,False
71,1,"[1, 0]",The investigator did not trust the witness because BLANK story was full of inconsistencies.,"['his', 'her']",$POSS_PRONOUN,witness,The investigator did not trust the witness because the investigator's gut said something was wrong.,investigator,$POSS_PRONOUN,repeated_np,False,False
72,2,"[0, 1]",The customer left the bartender a big tip because BLANK had made the drink very strong.,"['he', 'she']",$NOM_PRONOUN,bartender,The customer left the bartender a big tip because the customer felt generous.,customer,$NOM_PRONOUN,repeated_np,False,False
72,1,"[1, 0]",The customer left the bartender a big tip because BLANK felt generous.,"['he', 'she']",$NOM_PRONOUN,customer,The customer left the bartender a big tip because the bartender had made the drink very strong.,bartender,$NOM_PRONOUN,repeated_np,False,False
73,2,"[0, 1]",The bartender made the customer a strong drink for BLANK to get a bigger tip.,"['him', 'her']",$ACC_PRONOUN,bartender,The bartender made the customer a strong drink for the customer to enjoy.,customer,$ACC_PRONOUN,repeated_np,False,False
73,1,"[1, 0]",The bartender made the customer a strong drink for BLANK to enjoy.,"['him', 'her']",$ACC_PRONOUN,customer,The bartender made the customer a strong drink for the bartender to get a bigger tip.,bartender,$ACC_PRONOUN,repeated_np,False,False
74,2,"[0, 1]",The bartender made the customer a drink with BLANK most expensive vodka.,"['his', 'her']",$POSS_PRONOUN,bartender,The bartender made the customer a drink with the customer's preferences in mind.,customer,$POSS_PRONOUN,repeated_np,False,False
74,1,"[1, 0]",The bartender made the customer a drink with BLANK preferences in mind.,"['his', 'her']",$POSS_PRONOUN,customer,The bartender made the customer a drink with the bartender's most expensive vodka.,bartender,$POSS_PRONOUN,repeated_np,False,False
75,2,"[0, 1]",The patient was referred to the specialist because BLANK had knowledge of rare skin conditions.,"['he', 'she']",$NOM_PRONOUN,specialist,The patient was referred to the specialist because the patient had a rare skin condition.,patient,$NOM_PRONOUN,repeated_np,False,False
75,1,"[1, 0]",The patient was referred to the specialist because BLANK had a rare skin condition.,"['he', 'she']",$NOM_PRONOUN,patient,The patient was referred to the specialist because the specialist had knowledge of rare skin conditions.,specialist,$NOM_PRONOUN,repeated_np,False,False
76,2,"[0, 1]",The patient was referred to the specialist for BLANK to give a second opinion.,"['him', 'her']",$ACC_PRONOUN,specialist,The patient was referred to the specialist for the patient to get a second opinion.,patient,$ACC_PRONOUN,repeated_np,False,False
76,1,"[1, 0]",The patient was referred to the specialist for BLANK to get a second opinion.,"['him', 'her']",$ACC_PRONOUN,patient,The patient was referred to the specialist for the specialist to give a second opinion.,specialist,$ACC_PRONOUN,repeated_np,False,False
77,2,"[0, 1]",The specialist told the patient to follow BLANK instructions when taking the new medication.,"['his', 'her']",$POSS_PRONOUN,specialist,The specialist told the patient to follow the patient's normal eating schedule going forward.,patient,$POSS_PRONOUN,repeated_np,False,False
77,1,"[1, 0]",The specialist told the patient to follow BLANK normal eating schedule going forward.,"['his', 'her']",$POSS_PRONOUN,patient,The specialist told the patient to follow the specialist's instructions when taking the new medication.,specialist,$POSS_PRONOUN,repeated_np,False,False
78,2,"[0, 1]",The electrician warned the homeowner that BLANK might need an extra day to finish rewiring the house.,"['he', 'she']",$NOM_PRONOUN,electrician,The electrician warned the homeowner that the homeowner might have to pay more than the initial estimate.,homeowner,$NOM_PRONOUN,repeated_np,False,False
78,1,"[1, 0]",The electrician warned the homeowner that BLANK might have to pay more than the initial estimate.,"['he', 'she']",$NOM_PRONOUN,homeowner,The electrician warned the homeowner that the electrician might need an extra day to finish rewiring the house.,electrician,$NOM_PRONOUN,repeated_np,False,False
79,2,"[0, 1]",The electrician reminded the homeowner of the costs for BLANK to avoid any legal claims afterwards.,"['him', 'her']",$ACC_PRONOUN,electrician,The electrician reminded the homeowner of the costs for the homeowner not to claim ignorance afterwards.,homeowner,$ACC_PRONOUN,repeated_np,False,False
79,1,"[1, 0]",The electrician reminded the homeowner of the costs for BLANK not to claim ignorance afterwards.,"['him', 'her']",$ACC_PRONOUN,homeowner,The electrician reminded the homeowner of the costs for the electrician to avoid any legal claims afterwards.,electrician,$ACC_PRONOUN,repeated_np,False,False
80,2,"[0, 1]",The electrician reminded the homeowner that BLANK hourly rate did not include the cost of the bulbs.,"['his', 'her']",$POSS_PRONOUN,electrician,The electrician reminded the homeowner that the homeowner's electricity meter had to be upgraded.,homeowner,$POSS_PRONOUN,repeated_np,False,False
80,1,"[1, 0]",The electrician reminded the homeowner that BLANK electricity meter had to be upgraded.,"['his', 'her']",$POSS_PRONOUN,homeowner,The electrician reminded the homeowner that the electrician's hourly rate did not include the cost of the bulbs.,electrician,$POSS_PRONOUN,repeated_np,False,False
81,2,"[0, 1]",The officer arrested the protester even though BLANK had not been violent.,"['he', 'she']",$NOM_PRONOUN,protester,The officer arrested the protester even though the officer had a day off.,officer,$NOM_PRONOUN,repeated_np,False,False
81,1,"[1, 0]",The officer arrested the protester even though BLANK had a day off.,"['he', 'she']",$NOM_PRONOUN,officer,The officer arrested the protester even though the protester had not been violent.,protester,$NOM_PRONOUN,repeated_np,False,False
82,2,"[0, 1]",The officer told the protester it was imperative for BLANK to stop vandalizing property immediately.,"['him', 'her']",$ACC_PRONOUN,protester,The officer told the protester it was imperative for the officer to arrest everyone who was vandalizing property.,officer,$ACC_PRONOUN,repeated_np,False,True
82,1,"[1, 0]",The officer told the protester it was imperative for BLANK to arrest everyone who was vandalizing property.,"['him', 'her']",$ACC_PRONOUN,officer,The officer told the protester it was imperative for the protester to stop vandalizing property immediately.,protester,$ACC_PRONOUN,repeated_np,False,True
83,2,"[0, 1]",The officer informed the protester about BLANK rights during the arrest.,"['his', 'her']",$POSS_PRONOUN,protester,The officer informed the protester about the officer's duty to keep the peace.,officer,$POSS_PRONOUN,repeated_np,False,False
83,1,"[1, 0]",The officer informed the protester about BLANK duty to keep the peace.,"['his', 'her']",$POSS_PRONOUN,officer,The officer informed the protester about the protester's rights during the arrest.,protester,$POSS_PRONOUN,repeated_np,False,False
84,2,"[0, 1]",The pathologist needed to test blood samples from the victim because BLANK might have been poisoned.,"['he', 'she']",$NOM_PRONOUN,victim,The pathologist needed to test blood samples from the victim because the pathologist had to check for poisoning.,pathologist,$NOM_PRONOUN,repeated_np,False,False
84,1,"[1, 0]",The pathologist needed to test blood samples from the victim because BLANK had to check for poisoning.,"['he', 'she']",$NOM_PRONOUN,pathologist,The pathologist needed to test blood samples from the victim because the victim might have been poisoned.,victim,$NOM_PRONOUN,repeated_np,False,False
85,2,"[0, 1]",The pathologist received samples from the victim for BLANK to be diagnosed.,"['him', 'her']",$ACC_PRONOUN,victim,The pathologist received samples from the victim for the pathologist to analyze.,pathologist,$ACC_PRONOUN,repeated_np,False,False
85,1,"[1, 0]",The pathologist received samples from the victim for BLANK to analyze.,"['him', 'her']",$ACC_PRONOUN,pathologist,The pathologist received samples from the victim for the victim to be diagnosed.,victim,$ACC_PRONOUN,repeated_np,False,False
86,2,"[0, 1]",The pathologist obtained tissue samples from the victim for BLANK illness to be diagnosed.,"['his', 'her']",$POSS_PRONOUN,victim,The pathologist obtained tissue samples from the victim for the pathologist's report on the poisoning.,pathologist,$POSS_PRONOUN,repeated_np,False,False
86,1,"[1, 0]",The pathologist obtained tissue samples from the victim for BLANK report on the poisoning.,"['his', 'her']",$POSS_PRONOUN,pathologist,The pathologist obtained tissue samples from the victim for the victim's illness to be diagnosed.,victim,$POSS_PRONOUN,repeated_np,False,False
87,2,"[0, 1]",The student asked the teacher if BLANK could grant an extension on the assignment.,"['he', 'she']",$NOM_PRONOUN,teacher,The student asked the teacher if the student could get an extension on the assignment.,student,$NOM_PRONOUN,repeated_np,False,False
87,1,"[1, 0]",The student asked the teacher if BLANK could get an extension on the assignment.,"['he', 'she']",$NOM_PRONOUN,student,The student asked the teacher if the teacher could grant an extension on the assignment.,teacher,$NOM_PRONOUN,repeated_np,False,False
88,2,"[0, 1]",The teacher gave the student detailed feedback on the essay for BLANK to explain how it could be improved.,"['him', 'her']",$ACC_PRONOUN,teacher,The teacher gave the student detailed feedback on the essay for the student to incorporate into the second draft.,student,$ACC_PRONOUN,repeated_np,False,False
88,1,"[1, 0]",The teacher gave the student detailed feedback on the essay for BLANK to incorporate into the second draft.,"['him', 'her']",$ACC_PRONOUN,student,The teacher gave the student detailed feedback on the essay for the teacher to explain how it could be improved.,teacher,$ACC_PRONOUN,repeated_np,False,True
89,2,"[0, 1]",The student asked the teacher if BLANK grading policy was strict.,"['his', 'her']",$POSS_PRONOUN,teacher,The student asked the teacher if the student's assignment could be regraded.,student,$POSS_PRONOUN,repeated_np,False,False
89,1,"[1, 0]",The student asked the teacher if BLANK assignment could be regraded.,"['his', 'her']",$POSS_PRONOUN,student,The student asked the teacher if the teacher's grading policy was strict.,teacher,$POSS_PRONOUN,repeated_np,False,False
90,2,"[0, 1]",The lawyer cross-examined the witness until BLANK ran out of questions.,"['he', 'she']",$NOM_PRONOUN,lawyer,The lawyer cross-examined the witness until the witness broke under pressure.,witness,$NOM_PRONOUN,repeated_np,False,False
90,1,"[1, 0]",The lawyer cross-examined the witness until BLANK broke under pressure.,"['he', 'she']",$NOM_PRONOUN,witness,The lawyer cross-examined the witness until the lawyer ran out of questions.,lawyer,$NOM_PRONOUN,repeated_np,False,False
91,2,"[0, 1]",The lawyer cross-examined the witness for BLANK to find out the truth.,"['him', 'her']",$ACC_PRONOUN,lawyer,The lawyer cross-examined the witness for the witness to come clean about what had happened.,witness,$ACC_PRONOUN,repeated_np,False,False
91,1,"[1, 0]",The lawyer cross-examined the witness for BLANK to come clean about what had happened.,"['him', 'her']",$ACC_PRONOUN,witness,The lawyer cross-examined the witness for the lawyer to find out the truth.,lawyer,$ACC_PRONOUN,repeated_np,False,False
92,2,"[0, 1]",The lawyer cross-examined the witness until BLANK questions were answered.,"['his', 'her']",$POSS_PRONOUN,lawyer,The lawyer cross-examined the witness until the witness's lies were uncovered.,witness,$POSS_PRONOUN,repeated_np,False,False
92,1,"[1, 0]",The lawyer cross-examined the witness until BLANK lies were uncovered.,"['his', 'her']",$POSS_PRONOUN,witness,The lawyer cross-examined the witness until the lawyer's questions were answered.,lawyer,$POSS_PRONOUN,repeated_np,False,False
93,2,"[0, 1]",The resident told the planner that BLANK would destroy nature with the new airport.,"['he', 'she']",$NOM_PRONOUN,planner,The resident told the planner that the resident strongly opposed the proposal to build a new airport.,resident,$NOM_PRONOUN,repeated_np,False,False
93,1,"[1, 0]",The resident told the planner that BLANK strongly opposed the proposal to build a new airport.,"['he', 'she']",$NOM_PRONOUN,resident,The resident told the planner that the planner would destroy nature with the new airport.,planner,$NOM_PRONOUN,repeated_np,False,False
94,2,"[0, 1]",The planner interviewed the resident for BLANK to get feedback on the new bus route through the neighbourhood.,"['him', 'her']",$ACC_PRONOUN,planner,The planner interviewed the resident for the resident to give feedback on the new bus route through the neighbourhood.,resident,$ACC_PRONOUN,repeated_np,False,False
94,1,"[1, 0]",The planner interviewed the resident for BLANK to give feedback on the new bus route through the neighbourhood.,"['him', 'her']",$ACC_PRONOUN,resident,The planner interviewed the resident for the planner to get feedback on the new bus route through the neighbourhood.,planner,$ACC_PRONOUN,repeated_np,False,False
95,2,"[0, 1]",The planner spoke with the resident who said that BLANK proposal to build a new airport would be met with fierce opposition.,"['his', 'her']",$POSS_PRONOUN,planner,The planner spoke with the resident who said that the resident's entire community did not want an airport nearby.,resident,$POSS_PRONOUN,repeated_np,False,False
95,1,"[1, 0]",The planner spoke with the resident who said that BLANK entire community did not want an airport nearby.,"['his', 'her']",$POSS_PRONOUN,resident,The planner spoke with the resident who said that the planner's proposal to build a new airport would be met with fierce opposition.,planner,$POSS_PRONOUN,repeated_np,False,False
96,2,"[0, 1]",The practitioner made a house call for the patient because BLANK felt a sense of obligation.,"['he', 'she']",$NOM_PRONOUN,practitioner,The practitioner made a house call for the patient because the patient felt gravely ill.,patient,$NOM_PRONOUN,repeated_np,False,False
96,1,"[1, 0]",The practitioner made a house call for the patient because BLANK felt gravely ill.,"['he', 'she']",$NOM_PRONOUN,patient,The practitioner made a house call for the patient because the practitioner felt a sense of obligation.,practitioner,$NOM_PRONOUN,repeated_np,False,False
97,2,"[0, 1]",The practitioner examined the patient in order for BLANK to make a diagnosis.,"['him', 'her']",$ACC_PRONOUN,practitioner,The practitioner examined the patient in order for the patient to be diagnosed.,patient,$ACC_PRONOUN,repeated_np,False,False
97,1,"[1, 0]",The practitioner examined the patient in order for BLANK to be diagnosed.,"['him', 'her']",$ACC_PRONOUN,patient,The practitioner examined the patient in order for the practitioner to make a diagnosis.,practitioner,$ACC_PRONOUN,repeated_np,False,False
98,2,"[0, 1]",The practitioner gave the patient BLANK medical opinion.,"['his', 'her']",$POSS_PRONOUN,practitioner,The practitioner gave the patient the patient's test results.,patient,$POSS_PRONOUN,repeated_np,False,False
98,1,"[1, 0]",The practitioner gave the patient BLANK test results.,"['his', 'her']",$POSS_PRONOUN,patient,The practitioner gave the patient the practitioner's medical opinion.,practitioner,$POSS_PRONOUN,repeated_np,False,False
99,2,"[0, 1]",The homeowner called the plumber to ask if BLANK could pay with a cheque.,"['he', 'she']",$NOM_PRONOUN,homeowner,The homeowner called the plumber to ask if the plumber could come over to fix a burst pipe.,plumber,$NOM_PRONOUN,repeated_np,False,False
99,1,"[1, 0]",The homeowner called the plumber to ask if BLANK could come over to fix a burst pipe.,"['he', 'she']",$NOM_PRONOUN,plumber,The homeowner called the plumber to ask if the homeowner could pay with a cheque.,homeowner,$NOM_PRONOUN,repeated_np,False,False
100,2,"[0, 1]",The homeowner called the plumber about the damage for BLANK to get an estimate of the price to fix it..,"['him', 'her']",$ACC_PRONOUN,homeowner,The homeowner called the plumber about the damage for the plumber to come fix the pipes.,plumber,$ACC_PRONOUN,repeated_np,False,False
100,1,"[1, 0]",The homeowner called the plumber about the damage for BLANK to come fix the pipes.,"['him', 'her']",$ACC_PRONOUN,plumber,The homeowner called the plumber about the damage for the homeowner to get an estimate of the price to fix it..,homeowner,$ACC_PRONOUN,repeated_np,False,True
101,2,"[0, 1]",The homeowner called the plumber to get BLANK broken pipes fixed.,"['his', 'her']",$POSS_PRONOUN,homeowner,The homeowner called the plumber to get the plumber's advice on a leaky faucet.,plumber,$POSS_PRONOUN,repeated_np,False,False
101,1,"[1, 0]",The homeowner called the plumber to get BLANK advice on a leaky faucet.,"['his', 'her']",$POSS_PRONOUN,plumber,The homeowner called the plumber to get the homeowner's broken pipes fixed.,homeowner,$POSS_PRONOUN,repeated_np,False,False
102,2,"[0, 1]",The student asked the instructor if BLANK had performed well on the exam.,"['he', 'she']",$NOM_PRONOUN,student,The student asked the instructor if the instructor could explain the concepts again.,instructor,$NOM_PRONOUN,repeated_np,False,False
102,1,"[1, 0]",The student asked the instructor if BLANK could explain the concepts again.,"['he', 'she']",$NOM_PRONOUN,instructor,The student asked the instructor if the student had performed well on the exam.,student,$NOM_PRONOUN,repeated_np,False,False
103,2,"[0, 1]",The instructor encouraged the student to ask for help for BLANK to pass the course.,"['him', 'her']",$ACC_PRONOUN,student,The instructor encouraged the student to ask for help for the instructor to understand which concepts to explain again.,instructor,$ACC_PRONOUN,repeated_np,False,False
103,1,"[1, 0]",The instructor encouraged the student to ask for help for BLANK to understand which concepts to explain again.,"['him', 'her']",$ACC_PRONOUN,instructor,The instructor encouraged the student to ask for help for the student to pass the course.,student,$ACC_PRONOUN,repeated_np,False,False
104,2,"[0, 1]",The instructor encouraged the student to go to BLANK dream university.,"['his', 'her']",$POSS_PRONOUN,student,The instructor encouraged the student to go to the instructor's office hours.,instructor,$POSS_PRONOUN,repeated_np,False,False
104,1,"[1, 0]",The instructor encouraged the student to go to BLANK office hours.,"['his', 'her']",$POSS_PRONOUN,instructor,The instructor encouraged the student to go to the student's dream university.,student,$POSS_PRONOUN,repeated_np,False,False
105,2,"[0, 1]",The child asked the surgeon if BLANK had any lollipops.,"['he', 'she']",$NOM_PRONOUN,surgeon,The child asked the surgeon if the child could have a lollipop.,child,$NOM_PRONOUN,repeated_np,False,False
105,1,"[1, 0]",The child asked the surgeon if BLANK could have a lollipop.,"['he', 'she']",$NOM_PRONOUN,child,The child asked the surgeon if the surgeon had any lollipops.,surgeon,$NOM_PRONOUN,repeated_np,False,False
106,2,"[0, 1]",The surgeon operated on the child with great care for BLANK not to make any mistakes.,"['him', 'her']",$ACC_PRONOUN,surgeon,The surgeon operated on the child with great care for the child to have a normal life afterwards.,child,$ACC_PRONOUN,repeated_np,False,False
106,1,"[1, 0]",The surgeon operated on the child with great care for BLANK to have a normal life afterwards.,"['him', 'her']",$ACC_PRONOUN,child,The surgeon operated on the child with great care for the surgeon not to make any mistakes.,surgeon,$ACC_PRONOUN,repeated_np,False,False
107,2,"[0, 1]",The surgeon operated on the child with great care; BLANK affection had grown over time.,"['his', 'her']",$POSS_PRONOUN,surgeon,The surgeon operated on the child with great care; the child's tumor had grown over time.,child,$POSS_PRONOUN,repeated_np,False,False
107,1,"[1, 0]",The surgeon operated on the child with great care; BLANK tumor had grown over time.,"['his', 'her']",$POSS_PRONOUN,child,The surgeon operated on the child with great care; the surgeon's affection had grown over time.,surgeon,$POSS_PRONOUN,repeated_np,False,False
108,2,"[0, 1]",The veterinarian informed the owner that BLANK did not work on weekends.,"['he', 'she']",$NOM_PRONOUN,veterinarian,The veterinarian informed the owner that the owner could bring the cat in for an emergency visit.,owner,$NOM_PRONOUN,repeated_np,False,False
108,1,"[1, 0]",The veterinarian informed the owner that BLANK could bring the cat in for an emergency visit.,"['he', 'she']",$NOM_PRONOUN,owner,The veterinarian informed the owner that the veterinarian did not work on weekends.,veterinarian,$NOM_PRONOUN,repeated_np,False,False
109,2,"[0, 1]",The veterinarian asked the owner to come into the room for BLANK to ask about the cat's diet at home.,"['him', 'her']",$ACC_PRONOUN,veterinarian,The veterinarian asked the owner to come into the room for the owner to hold the cat during the examination.,owner,$ACC_PRONOUN,repeated_np,False,False
109,1,"[1, 0]",The veterinarian asked the owner to come into the room for BLANK to hold the cat during the examination.,"['him', 'her']",$ACC_PRONOUN,owner,The veterinarian asked the owner to come into the room for the veterinarian to ask about the cat's diet at home.,veterinarian,$ACC_PRONOUN,repeated_np,False,False
110,2,"[0, 1]",The veterinarian informed the owner that BLANK clinic was not open on weekends.,"['his', 'her']",$POSS_PRONOUN,veterinarian,The veterinarian informed the owner that the owner's cat had developed diabetes.,owner,$POSS_PRONOUN,repeated_np,False,False
110,1,"[1, 0]",The veterinarian informed the owner that BLANK cat had developed diabetes.,"['his', 'her']",$POSS_PRONOUN,owner,The veterinarian informed the owner that the veterinarian's clinic was not open on weekends.,veterinarian,$POSS_PRONOUN,repeated_np,False,False
111,2,"[0, 1]",The paramedic performed CPR on the passenger because BLANK went into cardiac arrest.,"['he', 'she']",$NOM_PRONOUN,passenger,The paramedic performed CPR on the passenger because the paramedic had first aid training.,paramedic,$NOM_PRONOUN,repeated_np,False,False
111,1,"[1, 0]",The paramedic performed CPR on the passenger because BLANK had first aid training.,"['he', 'she']",$NOM_PRONOUN,paramedic,The paramedic performed CPR on the passenger because the passenger went into cardiac arrest.,passenger,$NOM_PRONOUN,repeated_np,False,False
112,2,"[0, 1]",The paramedic performed CPR on the passenger for BLANK to be saved.,"['him', 'her']",$ACC_PRONOUN,passenger,The paramedic performed CPR on the passenger for the paramedic to comply with protocol.,paramedic,$ACC_PRONOUN,repeated_np,False,False
112,1,"[1, 0]",The paramedic performed CPR on the passenger for BLANK to comply with protocol.,"['him', 'her']",$ACC_PRONOUN,paramedic,The paramedic performed CPR on the passenger for the passenger to be saved.,passenger,$ACC_PRONOUN,repeated_np,False,False
113,2,"[0, 1]",The paramedic performed CPR on the passenger because of BLANK laboured breathing.,"['his', 'her']",$POSS_PRONOUN,passenger,The paramedic performed CPR on the passenger because of the paramedic's training to recognize the warning signs.,paramedic,$POSS_PRONOUN,repeated_np,False,False
113,1,"[1, 0]",The paramedic performed CPR on the passenger because of BLANK training to recognize the warning signs.,"['his', 'her']",$POSS_PRONOUN,paramedic,The paramedic performed CPR on the passenger because of the passenger's laboured breathing.,passenger,$POSS_PRONOUN,repeated_np,False,False
114,2,"[0, 1]","The examiner asked the intern to perform an autopsy alone, but BLANK had to intervene halfway through.","['he', 'she']",$NOM_PRONOUN,examiner,"The examiner asked the intern to perform an autopsy alone, but the intern requested help halfway through.",intern,$NOM_PRONOUN,repeated_np,False,False
114,1,"[1, 0]","The examiner asked the intern to perform an autopsy alone, but BLANK requested help halfway through.","['he', 'she']",$NOM_PRONOUN,intern,"The examiner asked the intern to perform an autopsy alone, but the examiner had to intervene halfway through.",examiner,$NOM_PRONOUN,repeated_np,False,False
115,2,"[0, 1]",The examiner performed an autopsy in front of the intern for BLANK to demonstrate how it was done.,"['him', 'her']",$ACC_PRONOUN,examiner,The examiner performed an autopsy in front of the intern for the intern to learn how to do it.,intern,$ACC_PRONOUN,repeated_np,False,True
115,1,"[1, 0]",The examiner performed an autopsy in front of the intern for BLANK to learn how to do it.,"['him', 'her']",$ACC_PRONOUN,intern,The examiner performed an autopsy in front of the intern for the examiner to demonstrate how it was done.,examiner,$ACC_PRONOUN,repeated_np,False,True
116,2,"[0, 1]",The examiner gave the intern BLANK feedback on the autopsy report.,"['his', 'her']",$POSS_PRONOUN,examiner,The examiner gave the intern the intern's first opportunity to perform an autopsy.,intern,$POSS_PRONOUN,repeated_np,False,False
116,1,"[1, 0]",The examiner gave the intern BLANK first opportunity to perform an autopsy.,"['his', 'her']",$POSS_PRONOUN,intern,The examiner gave the intern the examiner's feedback on the autopsy report.,examiner,$POSS_PRONOUN,repeated_np,False,False
117,2,"[0, 1]",The chemist told the visitor that BLANK would be delighted to answer any questions about the laboratory.,"['he', 'she']",$NOM_PRONOUN,chemist,The chemist told the visitor that the visitor would be given safety glasses before being allowed to enter the laboratory.,visitor,$NOM_PRONOUN,repeated_np,False,False
117,1,"[1, 0]",The chemist told the visitor that BLANK would be given safety glasses before being allowed to enter the laboratory.,"['he', 'she']",$NOM_PRONOUN,visitor,The chemist told the visitor that the chemist would be delighted to answer any questions about the laboratory.,chemist,$NOM_PRONOUN,repeated_np,False,False
118,2,"[0, 1]",The chemist instructed the visitor to put on safety glasses in order for BLANK to continue doing chemistry demonstrations.,"['him', 'her']",$ACC_PRONOUN,chemist,The chemist instructed the visitor to put on safety glasses in order for the visitor to be allowed into the laboratory.,visitor,$ACC_PRONOUN,repeated_np,False,False
118,1,"[1, 0]",The chemist instructed the visitor to put on safety glasses in order for BLANK to be allowed into the laboratory.,"['him', 'her']",$ACC_PRONOUN,visitor,The chemist instructed the visitor to put on safety glasses in order for the chemist to continue doing chemistry demonstrations.,chemist,$ACC_PRONOUN,repeated_np,False,False
119,2,"[0, 1]",The chemist told the visitor that BLANK laboratory contained a variety of chemicals.,"['his', 'her']",$POSS_PRONOUN,chemist,The chemist told the visitor that the visitor's questions about the laboratory were welcome.,visitor,$POSS_PRONOUN,repeated_np,False,False
119,1,"[1, 0]",The chemist told the visitor that BLANK questions about the laboratory were welcome.,"['his', 'her']",$POSS_PRONOUN,visitor,The chemist told the visitor that the chemist's laboratory contained a variety of chemicals.,chemist,$POSS_PRONOUN,repeated_np,False,False
120,2,"[0, 1]","The machinist gave the child a laser cutter demonstration, but said BLANK could not provide adult supervision beyond this one time.","['he', 'she']",$NOM_PRONOUN,machinist,"The machinist gave the child a laser cutter demonstration, but said the child would not be allowed to operate it without adult supervision.",child,$NOM_PRONOUN,repeated_np,False,True
120,1,"[1, 0]","The machinist gave the child a laser cutter demonstration, but said BLANK would not be allowed to operate it without adult supervision.","['he', 'she']",$NOM_PRONOUN,child,"The machinist gave the child a laser cutter demonstration, but said the machinist could not provide adult supervision beyond this one time.",machinist,$NOM_PRONOUN,repeated_np,False,False
121,2,"[0, 1]",The machinist told the child it was not possible for BLANK to provide adult supervision with the laser cutter.,"['him', 'her']",$ACC_PRONOUN,machinist,The machinist told the child it was not possible for the child to use the laser cutter without adult supervision.,child,$ACC_PRONOUN,repeated_np,False,True
121,1,"[1, 0]",The machinist told the child it was not possible for BLANK to use the laser cutter without adult supervision.,"['him', 'her']",$ACC_PRONOUN,child,The machinist told the child it was not possible for the machinist to provide adult supervision with the laser cutter.,machinist,$ACC_PRONOUN,repeated_np,False,True
122,2,"[0, 1]",The machinist told the child that BLANK presence was required whenever the machine was running.,"['his', 'her']",$POSS_PRONOUN,machinist,The machinist told the child that the child's age meant that an adult's presence was required whenever the laser cutter was running.,child,$POSS_PRONOUN,repeated_np,False,False
122,1,"[1, 0]",The machinist told the child that BLANK age meant that an adult's presence was required whenever the laser cutter was running.,"['his', 'her']",$POSS_PRONOUN,child,The machinist told the child that the machinist's presence was required whenever the machine was running.,machinist,$POSS_PRONOUN,repeated_np,False,False
123,2,"[0, 1]",The appraiser told the buyer that BLANK valued the painting at ten thousand dollars.,"['he', 'she']",$NOM_PRONOUN,appraiser,The appraiser told the buyer that the buyer had paid too much for the painting.,buyer,$NOM_PRONOUN,repeated_np,False,False
123,1,"[1, 0]",The appraiser told the buyer that BLANK had paid too much for the painting.,"['he', 'she']",$NOM_PRONOUN,buyer,The appraiser told the buyer that the appraiser valued the painting at ten thousand dollars.,appraiser,$NOM_PRONOUN,repeated_np,False,False
124,2,"[0, 1]",The appraiser met with the buyer after the purchase for BLANK to estimate its value.,"['him', 'her']",$ACC_PRONOUN,appraiser,The appraiser met with the buyer after the purchase for the buyer to request an estimate of its value.,buyer,$ACC_PRONOUN,repeated_np,False,True
124,1,"[1, 0]",The appraiser met with the buyer after the purchase for BLANK to request an estimate of its value.,"['him', 'her']",$ACC_PRONOUN,buyer,The appraiser met with the buyer after the purchase for the appraiser to estimate its value.,appraiser,$ACC_PRONOUN,repeated_np,False,True
125,2,"[0, 1]",The appraiser gave the buyer BLANK estimates of the painting's value.,"['his', 'her']",$POSS_PRONOUN,appraiser,The appraiser gave the buyer the buyer's paintings back.,buyer,$POSS_PRONOUN,repeated_np,False,False
125,1,"[1, 0]",The appraiser gave the buyer BLANK paintings back.,"['his', 'her']",$POSS_PRONOUN,buyer,The appraiser gave the buyer the appraiser's estimates of the painting's value.,appraiser,$POSS_PRONOUN,repeated_np,False,False
126,2,"[0, 1]",The patient told the nutritionist that BLANK had been making helpful suggestions.,"['he', 'she']",$NOM_PRONOUN,nutritionist,The patient told the nutritionist that the patient had been finding it hard to eat enough.,patient,$NOM_PRONOUN,repeated_np,False,True
126,1,"[1, 0]",The patient told the nutritionist that BLANK had been finding it hard to eat enough.,"['he', 'she']",$NOM_PRONOUN,patient,The patient told the nutritionist that the nutritionist had been making helpful suggestions.,nutritionist,$NOM_PRONOUN,repeated_np,False,False
127,2,"[0, 1]",The nutritionist showed the patient scientific studies for BLANK to emphasize the importance of eating iron-rich foods.,"['him', 'her']",$ACC_PRONOUN,nutritionist,The nutritionist showed the patient scientific studies for the patient to be convinced to eat more iron-rich foods.,patient,$ACC_PRONOUN,repeated_np,False,False
127,1,"[1, 0]",The nutritionist showed the patient scientific studies for BLANK to be convinced to eat more iron-rich foods.,"['him', 'her']",$ACC_PRONOUN,patient,The nutritionist showed the patient scientific studies for the nutritionist to emphasize the importance of eating iron-rich foods.,nutritionist,$ACC_PRONOUN,repeated_np,False,False
128,2,"[0, 1]",The nutritionist explained to the patient that it was BLANK belief that diet and exercise were equally important.,"['his', 'her']",$POSS_PRONOUN,nutritionist,The nutritionist explained to the patient that it was the patient's sugar intake that was the biggest problem.,patient,$POSS_PRONOUN,repeated_np,False,True
128,1,"[1, 0]",The nutritionist explained to the patient that it was BLANK sugar intake that was the biggest problem.,"['his', 'her']",$POSS_PRONOUN,patient,The nutritionist explained to the patient that it was the nutritionist's belief that diet and exercise were equally important.,nutritionist,$POSS_PRONOUN,repeated_np,False,True
129,2,"[0, 1]",The student asked the architect whether BLANK had any internship opportunities.,"['he', 'she']",$NOM_PRONOUN,architect,The student asked the architect whether the student could do an internship this early.,student,$NOM_PRONOUN,repeated_np,False,False
129,1,"[1, 0]",The student asked the architect whether BLANK could do an internship this early.,"['he', 'she']",$NOM_PRONOUN,student,The student asked the architect whether the architect had any internship opportunities.,architect,$NOM_PRONOUN,repeated_np,False,False
130,2,"[0, 1]",The architect offered the student an internship for BLANK to mentor and train a potential future employee.,"['him', 'her']",$ACC_PRONOUN,architect,The architect offered the student an internship for the student to gain experience in the field.,student,$ACC_PRONOUN,repeated_np,False,False
130,1,"[1, 0]",The architect offered the student an internship for BLANK to gain experience in the field.,"['him', 'her']",$ACC_PRONOUN,student,The architect offered the student an internship for the architect to mentor and train a potential future employee.,architect,$ACC_PRONOUN,repeated_np,False,False
131,2,"[0, 1]",The student set up a meeting with the architect to discuss BLANK inspirational career trajectory.,"['his', 'her']",$POSS_PRONOUN,architect,The student set up a meeting with the architect to discuss the student's job prospects.,student,$POSS_PRONOUN,repeated_np,False,False
131,1,"[1, 0]",The student set up a meeting with the architect to discuss BLANK job prospects.,"['his', 'her']",$POSS_PRONOUN,student,The student set up a meeting with the architect to discuss the architect's inspirational career trajectory.,architect,$POSS_PRONOUN,repeated_np,False,False
132,2,"[0, 1]",The hairdresser recommended a new shampoo to the client because BLANK wanted to try something different.,"['he', 'she']",$NOM_PRONOUN,client,The hairdresser recommended a new shampoo to the client because the hairdresser wanted to be helpful.,hairdresser,$NOM_PRONOUN,repeated_np,False,False
132,1,"[1, 0]",The hairdresser recommended a new shampoo to the client because BLANK wanted to be helpful.,"['he', 'she']",$NOM_PRONOUN,hairdresser,The hairdresser recommended a new shampoo to the client because the client wanted to try something different.,client,$NOM_PRONOUN,repeated_np,False,False
133,2,"[0, 1]",The hairdresser repositioned the client for BLANK to give feedback on the finished haircut.,"['him', 'her']",$ACC_PRONOUN,client,The hairdresser repositioned the client for the hairdresser to more easily cut the hair at the back.,hairdresser,$ACC_PRONOUN,repeated_np,False,False
133,1,"[1, 0]",The hairdresser repositioned the client for BLANK to more easily cut the hair at the back.,"['him', 'her']",$ACC_PRONOUN,hairdresser,The hairdresser repositioned the client for the client to give feedback on the finished haircut.,client,$ACC_PRONOUN,repeated_np,False,False
134,2,"[0, 1]",The hairdresser asked if the client was happy with BLANK current length.,"['his', 'her']",$POSS_PRONOUN,client,The hairdresser asked if the client was happy with the hairdresser's range of colouring services.,hairdresser,$POSS_PRONOUN,repeated_np,False,False
134,1,"[1, 0]",The hairdresser asked if the client was happy with BLANK range of colouring services.,"['his', 'her']",$POSS_PRONOUN,hairdresser,The hairdresser asked if the client was happy with the client's current length.,client,$POSS_PRONOUN,repeated_np,False,False
135,2,"[0, 1]",The customer ordered a chocolate cake from the baker even though BLANK had bad reviews online.,"['he', 'she']",$NOM_PRONOUN,baker,The customer ordered a chocolate cake from the baker even though the customer had started a low-carb diet.,customer,$NOM_PRONOUN,repeated_np,False,False
135,1,"[1, 0]",The customer ordered a chocolate cake from the baker even though BLANK had started a low-carb diet.,"['he', 'she']",$NOM_PRONOUN,customer,The customer ordered a chocolate cake from the baker even though the baker had bad reviews online.,baker,$NOM_PRONOUN,repeated_np,False,False
136,2,"[0, 1]",The baker gave the customer a menu for BLANK to illustrate the wide range of options for custom birthday cakes.,"['him', 'her']",$ACC_PRONOUN,baker,The baker gave the customer a menu for the customer to get acquainted with the options for custom birthday cakes.,customer,$ACC_PRONOUN,repeated_np,False,False
136,1,"[1, 0]",The baker gave the customer a menu for BLANK to get acquainted with the options for custom birthday cakes.,"['him', 'her']",$ACC_PRONOUN,customer,The baker gave the customer a menu for the baker to illustrate the wide range of options for custom birthday cakes.,baker,$ACC_PRONOUN,repeated_np,False,False
137,2,"[0, 1]",The customer told the baker which of BLANK cakes were the best for the occasion.,"['his', 'her']",$POSS_PRONOUN,baker,The customer told the baker which of the customer's friends had dietary restrictions.,customer,$POSS_PRONOUN,repeated_np,False,False
137,1,"[1, 0]",The customer told the baker which of BLANK friends had dietary restrictions.,"['his', 'her']",$POSS_PRONOUN,customer,The customer told the baker which of the baker's cakes were the best for the occasion.,baker,$POSS_PRONOUN,repeated_np,False,False
138,2,"[0, 1]",The programmer volunteered to teach the student to code because BLANK felt overwhelmed by the complexity of the programming language.,"['he', 'she']",$NOM_PRONOUN,student,The programmer volunteered to teach the student to code because the programmer wanted to earn good karma.,programmer,$NOM_PRONOUN,repeated_np,False,False
138,1,"[1, 0]",The programmer volunteered to teach the student to code because BLANK wanted to earn good karma.,"['he', 'she']",$NOM_PRONOUN,programmer,The programmer volunteered to teach the student to code because the student felt overwhelmed by the complexity of the programming language.,student,$NOM_PRONOUN,repeated_np,False,False
139,2,"[0, 1]",The programmer taught the student how to code for BLANK to learn the basics of web development.,"['him', 'her']",$ACC_PRONOUN,student,The programmer taught the student how to code for the programmer to earn good karma.,programmer,$ACC_PRONOUN,repeated_np,False,False
139,1,"[1, 0]",The programmer taught the student how to code for BLANK to earn good karma.,"['him', 'her']",$ACC_PRONOUN,programmer,The programmer taught the student how to code for the student to learn the basics of web development.,student,$ACC_PRONOUN,repeated_np,False,False
140,2,"[0, 1]",The programmer gave the student BLANK first lesson in coding.,"['his', 'her']",$POSS_PRONOUN,student,The programmer gave the student the programmer's feedback on the code.,programmer,$POSS_PRONOUN,repeated_np,False,False
140,1,"[1, 0]",The programmer gave the student BLANK feedback on the code.,"['his', 'her']",$POSS_PRONOUN,programmer,The programmer gave the student the student's first lesson in coding.,student,$POSS_PRONOUN,repeated_np,False,False
141,2,"[0, 1]","The paralegal forgot to file paperwork for the client, so BLANK got fed up and went to a different law firm.","['he', 'she']",$NOM_PRONOUN,client,"The paralegal forgot to file paperwork for the client, so the paralegal got fired.",paralegal,$NOM_PRONOUN,repeated_np,False,False
141,1,"[1, 0]","The paralegal forgot to file paperwork for the client, so BLANK got fired.","['he', 'she']",$NOM_PRONOUN,paralegal,"The paralegal forgot to file paperwork for the client, so the client got fed up and went to a different law firm.",client,$NOM_PRONOUN,repeated_np,False,False
142,2,"[0, 1]",The paralegal gave the client a presentation for BLANK to understand how class action lawsuits work.,"['him', 'her']",$ACC_PRONOUN,client,The paralegal gave the client a presentation for the paralegal to explain how class action lawsuits work.,paralegal,$ACC_PRONOUN,repeated_np,False,False
142,1,"[1, 0]",The paralegal gave the client a presentation for BLANK to explain how class action lawsuits work.,"['him', 'her']",$ACC_PRONOUN,paralegal,The paralegal gave the client a presentation for the client to understand how class action lawsuits work.,client,$ACC_PRONOUN,repeated_np,False,False
143,2,"[0, 1]",The client asked the paralegal if BLANK immigration case would take longer than a year.,"['his', 'her']",$POSS_PRONOUN,client,The client asked the paralegal if the paralegal's firm also handled immigration cases.,paralegal,$POSS_PRONOUN,repeated_np,False,False
143,1,"[1, 0]",The client asked the paralegal if BLANK firm also handled immigration cases.,"['his', 'her']",$POSS_PRONOUN,paralegal,The client asked the paralegal if the client's immigration case would take longer than a year.,client,$POSS_PRONOUN,repeated_np,False,False
144,2,"[0, 1]",The hygienist told the patient that BLANK needed to perform a full mouth x-ray.,"['he', 'she']",$NOM_PRONOUN,hygienist,The hygienist told the patient that the patient needed to floss every day to avoid gum disease.,patient,$NOM_PRONOUN,repeated_np,False,False
144,1,"[1, 0]",The hygienist told the patient that BLANK needed to floss every day to avoid gum disease.,"['he', 'she']",$NOM_PRONOUN,patient,The hygienist told the patient that the hygienist needed to perform a full mouth x-ray.,hygienist,$NOM_PRONOUN,repeated_np,False,False
145,2,"[0, 1]",The patient went to the hygienist for BLANK to perform a dental examination.,"['him', 'her']",$ACC_PRONOUN,hygienist,The patient went to the hygienist for the patient to receive a dental examination.,patient,$ACC_PRONOUN,repeated_np,False,False
145,1,"[1, 0]",The patient went to the hygienist for BLANK to receive a dental examination.,"['him', 'her']",$ACC_PRONOUN,patient,The patient went to the hygienist for the hygienist to perform a dental examination.,hygienist,$ACC_PRONOUN,repeated_np,False,False
146,2,"[0, 1]",The hygienist told the patient that BLANK gloves were completely sterile.,"['his', 'her']",$POSS_PRONOUN,hygienist,The hygienist told the patient that the patient's teeth were very healthy.,patient,$POSS_PRONOUN,repeated_np,False,False
146,1,"[1, 0]",The hygienist told the patient that BLANK teeth were very healthy.,"['his', 'her']",$POSS_PRONOUN,patient,The hygienist told the patient that the hygienist's gloves were completely sterile.,hygienist,$POSS_PRONOUN,repeated_np,False,False
147,2,"[0, 1]",The undergraduate applied to work with the scientist because BLANK needed more experience in the lab.,"['he', 'she']",$NOM_PRONOUN,undergraduate,The undergraduate applied to work with the scientist because the scientist needed a lab assistant.,scientist,$NOM_PRONOUN,repeated_np,False,False
147,1,"[1, 0]",The undergraduate applied to work with the scientist because BLANK needed a lab assistant.,"['he', 'she']",$NOM_PRONOUN,scientist,The undergraduate applied to work with the scientist because the undergraduate needed more experience in the lab.,undergraduate,$NOM_PRONOUN,repeated_np,False,False
148,2,"[0, 1]",The scientist hired the undergraduate for BLANK to get more experience in the lab.,"['him', 'her']",$ACC_PRONOUN,undergraduate,The scientist hired the undergraduate for the scientist to have more help annotating data.,scientist,$ACC_PRONOUN,repeated_np,False,False
148,1,"[1, 0]",The scientist hired the undergraduate for BLANK to have more help annotating data.,"['him', 'her']",$ACC_PRONOUN,scientist,The scientist hired the undergraduate for the undergraduate to get more experience in the lab.,undergraduate,$ACC_PRONOUN,repeated_np,False,False
149,2,"[0, 1]",The scientist hired the undergraduate because BLANK resume was strong.,"['his', 'her']",$POSS_PRONOUN,undergraduate,The scientist hired the undergraduate because the scientist's lab was growing.,scientist,$POSS_PRONOUN,repeated_np,False,False
149,1,"[1, 0]",The scientist hired the undergraduate because BLANK lab was growing.,"['his', 'her']",$POSS_PRONOUN,scientist,The scientist hired the undergraduate because the undergraduate's resume was strong.,undergraduate,$POSS_PRONOUN,repeated_np,False,False
150,2,"[0, 1]",The bystander called 911 and spoke to the dispatcher who said BLANK should wait for help in a safe location.,"['he', 'she']",$NOM_PRONOUN,bystander,The bystander called 911 and spoke to the dispatcher who said the dispatcher would send help.,dispatcher,$NOM_PRONOUN,repeated_np,False,False
150,1,"[1, 0]",The bystander called 911 and spoke to the dispatcher who said BLANK would send help.,"['he', 'she']",$NOM_PRONOUN,dispatcher,The bystander called 911 and spoke to the dispatcher who said the bystander should wait for help in a safe location.,bystander,$NOM_PRONOUN,repeated_np,False,False
151,2,"[0, 1]",The dispatcher told the bystander it was important for BLANK to wait for help in a safe location.,"['him', 'her']",$ACC_PRONOUN,bystander,The dispatcher told the bystander it was important for the dispatcher to know the exact address to which to send help.,dispatcher,$ACC_PRONOUN,repeated_np,False,True
151,1,"[1, 0]",The dispatcher told the bystander it was important for BLANK to know the exact address to which to send help.,"['him', 'her']",$ACC_PRONOUN,dispatcher,The dispatcher told the bystander it was important for the bystander to wait for help in a safe location.,bystander,$ACC_PRONOUN,repeated_np,False,True
152,2,"[0, 1]",The dispatcher on the phone with the bystander repeated BLANK address for confirmation before sending the ambulance.,"['his', 'her']",$POSS_PRONOUN,bystander,The dispatcher on the phone with the bystander repeated the dispatcher's estimate of the ambulance wait time.,dispatcher,$POSS_PRONOUN,repeated_np,False,False
152,1,"[1, 0]",The dispatcher on the phone with the bystander repeated BLANK estimate of the ambulance wait time.,"['his', 'her']",$POSS_PRONOUN,dispatcher,The dispatcher on the phone with the bystander repeated the bystander's address for confirmation before sending the ambulance.,bystander,$POSS_PRONOUN,repeated_np,False,False
153,2,"[0, 1]",The cashier told the customer that BLANK couldn't accept credit cards for purchases under ten dollars.,"['he', 'she']",$NOM_PRONOUN,cashier,The cashier told the customer that the customer couldn't make a purchase under ten dollars with a credit card.,customer,$NOM_PRONOUN,repeated_np,False,False
153,1,"[1, 0]",The cashier told the customer that BLANK couldn't make a purchase under ten dollars with a credit card.,"['he', 'she']",$NOM_PRONOUN,customer,The cashier told the customer that the cashier couldn't accept credit cards for purchases under ten dollars.,cashier,$NOM_PRONOUN,repeated_np,False,False
154,2,"[0, 1]",The cashier needed a credit card from the customer for BLANK to charge.,"['him', 'her']",$ACC_PRONOUN,cashier,The cashier needed a credit card from the customer for the customer to pay for the groceries.,customer,$ACC_PRONOUN,repeated_np,False,False
154,1,"[1, 0]",The cashier needed a credit card from the customer for BLANK to pay for the groceries.,"['him', 'her']",$ACC_PRONOUN,customer,The cashier needed a credit card from the customer for the cashier to charge.,cashier,$ACC_PRONOUN,repeated_np,False,False
155,2,"[0, 1]",The cashier told the customer that BLANK shift ended soon.,"['his', 'her']",$POSS_PRONOUN,cashier,The cashier told the customer that the customer's card was declined.,customer,$POSS_PRONOUN,repeated_np,False,False
155,1,"[1, 0]",The cashier told the customer that BLANK card was declined.,"['his', 'her']",$POSS_PRONOUN,customer,The cashier told the customer that the cashier's shift ended soon.,cashier,$POSS_PRONOUN,repeated_np,False,False
156,2,"[0, 1]",The auditor asked the taxpayer if BLANK had any further questions about the tax regulations.,"['he', 'she']",$NOM_PRONOUN,taxpayer,The auditor asked the taxpayer if the auditor could clarify anything about the tax regulations.,auditor,$NOM_PRONOUN,repeated_np,False,False
156,1,"[1, 0]",The auditor asked the taxpayer if BLANK could clarify anything about the tax regulations.,"['he', 'she']",$NOM_PRONOUN,auditor,The auditor asked the taxpayer if the taxpayer had any further questions about the tax regulations.,taxpayer,$NOM_PRONOUN,repeated_np,False,False
157,2,"[0, 1]",The taxpayer asked to meet the auditor for BLANK to understand the taxation scheme changes.,"['him', 'her']",$ACC_PRONOUN,taxpayer,The taxpayer asked to meet the auditor for the auditor to explain the new taxation scheme in detail.,auditor,$ACC_PRONOUN,repeated_np,False,False
157,1,"[1, 0]",The taxpayer asked to meet the auditor for BLANK to explain the new taxation scheme in detail.,"['him', 'her']",$ACC_PRONOUN,auditor,The taxpayer asked to meet the auditor for the taxpayer to understand the taxation scheme changes.,taxpayer,$ACC_PRONOUN,repeated_np,False,False
158,2,"[0, 1]",The auditor asked the taxpayer if BLANK bank records could be sent to the office.,"['his', 'her']",$POSS_PRONOUN,taxpayer,The auditor asked the taxpayer if the auditor's explanation of the new taxation scheme was clear.,auditor,$POSS_PRONOUN,repeated_np,False,False
158,1,"[1, 0]",The auditor asked the taxpayer if BLANK explanation of the new taxation scheme was clear.,"['his', 'her']",$POSS_PRONOUN,auditor,The auditor asked the taxpayer if the taxpayer's bank records could be sent to the office.,taxpayer,$POSS_PRONOUN,repeated_np,False,False
159,2,"[0, 1]",The dietitian encouraged the client to eat three square meals a day because BLANK had not been eating enough.,"['he', 'she']",$NOM_PRONOUN,client,The dietitian encouraged the client to eat three square meals a day because the dietitian gave that advice to everyone.,dietitian,$NOM_PRONOUN,repeated_np,False,False
159,1,"[1, 0]",The dietitian encouraged the client to eat three square meals a day because BLANK gave that advice to everyone.,"['he', 'she']",$NOM_PRONOUN,dietitian,The dietitian encouraged the client to eat three square meals a day because the client had not been eating enough.,client,$NOM_PRONOUN,repeated_np,False,False
160,2,"[0, 1]",The dietitian asked the client to maintain a food diary for BLANK to log mealtimes and other eating habits.,"['him', 'her']",$ACC_PRONOUN,client,The dietitian asked the client to maintain a food diary for the dietitian to decide what supplements to recommend.,dietitian,$ACC_PRONOUN,repeated_np,False,False
160,1,"[1, 0]",The dietitian asked the client to maintain a food diary for BLANK to decide what supplements to recommend.,"['him', 'her']",$ACC_PRONOUN,dietitian,The dietitian asked the client to maintain a food diary for the client to log mealtimes and other eating habits.,client,$ACC_PRONOUN,repeated_np,False,False
161,2,"[0, 1]",The dietitian told the client about BLANK cholesterol levels.,"['his', 'her']",$POSS_PRONOUN,client,The dietitian told the client about the dietitian's tips for healthier eating.,dietitian,$POSS_PRONOUN,repeated_np,False,False
161,1,"[1, 0]",The dietitian told the client about BLANK tips for healthier eating.,"['his', 'her']",$POSS_PRONOUN,dietitian,The dietitian told the client about the client's cholesterol levels.,client,$POSS_PRONOUN,repeated_np,False,False
162,2,"[0, 1]",The painter sold an entire collection of paintings to the customer because BLANK made an offer that was hard to refuse.,"['he', 'she']",$NOM_PRONOUN,customer,The painter sold an entire collection of paintings to the customer because the painter had to shut down the gallery.,painter,$NOM_PRONOUN,repeated_np,False,False
162,1,"[1, 0]",The painter sold an entire collection of paintings to the customer because BLANK had to shut down the gallery.,"['he', 'she']",$NOM_PRONOUN,painter,The painter sold an entire collection of paintings to the customer because the customer made an offer that was hard to refuse.,customer,$NOM_PRONOUN,repeated_np,False,False
163,2,"[0, 1]",The customer insisted on generous payments to the painter for BLANK to properly compensate the beautiful work.,"['him', 'her']",$ACC_PRONOUN,customer,The customer insisted on generous payments to the painter for the painter to be properly compensated.,painter,$ACC_PRONOUN,repeated_np,False,False
163,1,"[1, 0]",The customer insisted on generous payments to the painter for BLANK to be properly compensated.,"['him', 'her']",$ACC_PRONOUN,painter,The customer insisted on generous payments to the painter for the customer to properly compensate the beautiful work.,customer,$ACC_PRONOUN,repeated_np,False,False
164,2,"[0, 1]",The customer regularly bought paintings from the painter because of BLANK appreciation for good art.,"['his', 'her']",$POSS_PRONOUN,customer,The customer regularly bought paintings from the painter because of the painter's beautiful and intricate work.,painter,$POSS_PRONOUN,repeated_np,False,False
164,1,"[1, 0]",The customer regularly bought paintings from the painter because of BLANK beautiful and intricate work.,"['his', 'her']",$POSS_PRONOUN,painter,The customer regularly bought paintings from the painter because of the customer's appreciation for good art.,customer,$POSS_PRONOUN,repeated_np,False,False
165,2,"[0, 1]",The broker called the client because BLANK had requested a phone consultation.,"['he', 'she']",$NOM_PRONOUN,client,The broker called the client because the broker had new stocks to recommend.,broker,$NOM_PRONOUN,repeated_np,False,False
165,1,"[1, 0]",The broker called the client because BLANK had new stocks to recommend.,"['he', 'she']",$NOM_PRONOUN,broker,The broker called the client because the client had requested a phone consultation.,client,$NOM_PRONOUN,repeated_np,False,False
166,2,"[0, 1]",The broker showed the client several stock portfolios for BLANK to get acquainted with the wide range of options.,"['him', 'her']",$ACC_PRONOUN,client,The broker showed the client several stock portfolios for the broker to illustrate the wide range of options available.,broker,$ACC_PRONOUN,repeated_np,False,False
166,1,"[1, 0]",The broker showed the client several stock portfolios for BLANK to illustrate the wide range of options available.,"['him', 'her']",$ACC_PRONOUN,broker,The broker showed the client several stock portfolios for the client to get acquainted with the wide range of options.,client,$ACC_PRONOUN,repeated_np,False,False
167,2,"[0, 1]",The broker asked the client whether BLANK level of risk tolerance was low.,"['his', 'her']",$POSS_PRONOUN,client,The broker asked the client whether the broker's stock recommendations had been helpful.,broker,$POSS_PRONOUN,repeated_np,False,False
167,1,"[1, 0]",The broker asked the client whether BLANK stock recommendations had been helpful.,"['his', 'her']",$POSS_PRONOUN,broker,The broker asked the client whether the client's level of risk tolerance was low.,client,$POSS_PRONOUN,repeated_np,False,False
168,2,"[0, 1]",The chef spoke to the guest to ask if BLANK should make a different dessert.,"['he', 'she']",$NOM_PRONOUN,chef,The chef spoke to the guest to ask if the guest enjoyed the dessert.,guest,$NOM_PRONOUN,repeated_np,False,False
168,1,"[1, 0]",The chef spoke to the guest to ask if BLANK enjoyed the dessert.,"['he', 'she']",$NOM_PRONOUN,guest,The chef spoke to the guest to ask if the chef should make a different dessert.,chef,$NOM_PRONOUN,repeated_np,False,False
169,2,"[0, 1]",The chef spoke to the guest about the dessert for BLANK to get feedback on it.,"['him', 'her']",$ACC_PRONOUN,chef,The chef spoke to the guest about the dessert for the guest to give feedback.,guest,$ACC_PRONOUN,repeated_np,False,False
169,1,"[1, 0]",The chef spoke to the guest about the dessert for BLANK to give feedback.,"['him', 'her']",$ACC_PRONOUN,guest,The chef spoke to the guest about the dessert for the chef to get feedback on it.,chef,$ACC_PRONOUN,repeated_np,False,True
170,2,"[0, 1]",The chef told the guest that BLANK restaurant had only just opened.,"['his', 'her']",$POSS_PRONOUN,chef,The chef told the guest that the guest's feedback would be appreciated.,guest,$POSS_PRONOUN,repeated_np,False,False
170,1,"[1, 0]",The chef told the guest that BLANK feedback would be appreciated.,"['his', 'her']",$POSS_PRONOUN,guest,The chef told the guest that the chef's restaurant had only just opened.,chef,$POSS_PRONOUN,repeated_np,False,False
171,2,"[0, 1]",The doctor told the patient that BLANK would be on vacation next week.,"['he', 'she']",$NOM_PRONOUN,doctor,The doctor told the patient that the patient would be at risk without the vaccination.,patient,$NOM_PRONOUN,repeated_np,False,False
171,1,"[1, 0]",The doctor told the patient that BLANK would be at risk without the vaccination.,"['he', 'she']",$NOM_PRONOUN,patient,The doctor told the patient that the doctor would be on vacation next week.,doctor,$NOM_PRONOUN,repeated_np,False,False
172,2,"[0, 1]",The doctor asked the patient some medical questions for BLANK to decide what medications to prescribe.,"['him', 'her']",$ACC_PRONOUN,doctor,The doctor asked the patient some medical questions for the patient to answer as part of the intake.,patient,$ACC_PRONOUN,repeated_np,False,False
172,1,"[1, 0]",The doctor asked the patient some medical questions for BLANK to answer as part of the intake.,"['him', 'her']",$ACC_PRONOUN,patient,The doctor asked the patient some medical questions for the doctor to decide what medications to prescribe.,doctor,$ACC_PRONOUN,repeated_np,False,False
173,2,"[0, 1]",The doctor advised the patient to wait for BLANK confirmation before resuming exercise.,"['his', 'her']",$POSS_PRONOUN,doctor,The doctor advised the patient to wait for the patient's pain to subside before resuming exercise.,patient,$POSS_PRONOUN,repeated_np,False,False
173,1,"[1, 0]",The doctor advised the patient to wait for BLANK pain to subside before resuming exercise.,"['his', 'her']",$POSS_PRONOUN,patient,The doctor advised the patient to wait for the doctor's confirmation before resuming exercise.,doctor,$POSS_PRONOUN,repeated_np,False,False
174,2,"[0, 1]",The firefighter had to rescue the child from the burning building because BLANK could not just stand by and do nothing.,"['he', 'she']",$NOM_PRONOUN,firefighter,The firefighter had to rescue the child from the burning building because the child had become trapped inside.,child,$NOM_PRONOUN,repeated_np,False,False
174,1,"[1, 0]",The firefighter had to rescue the child from the burning building because BLANK had become trapped inside.,"['he', 'she']",$NOM_PRONOUN,child,The firefighter had to rescue the child from the burning building because the firefighter could not just stand by and do nothing.,firefighter,$NOM_PRONOUN,repeated_np,False,False
175,2,"[0, 1]",The firefighter told the child it was not possible for BLANK to save the teddy from the fire.,"['him', 'her']",$ACC_PRONOUN,firefighter,The firefighter told the child it was not possible for the child to be alone inside the fire engine.,child,$ACC_PRONOUN,repeated_np,False,True
175,1,"[1, 0]",The firefighter told the child it was not possible for BLANK to be alone inside the fire engine.,"['him', 'her']",$ACC_PRONOUN,child,The firefighter told the child it was not possible for the firefighter to save the teddy from the fire.,firefighter,$ACC_PRONOUN,repeated_np,False,True
176,2,"[0, 1]",The firefighter told the child that BLANK job was difficult.,"['his', 'her']",$POSS_PRONOUN,firefighter,The firefighter told the child that the child's teddy could not be saved.,child,$POSS_PRONOUN,repeated_np,False,False
176,1,"[1, 0]",The firefighter told the child that BLANK teddy could not be saved.,"['his', 'her']",$POSS_PRONOUN,child,The firefighter told the child that the firefighter's job was difficult.,firefighter,$POSS_PRONOUN,repeated_np,False,False
177,2,"[0, 1]",The secretary asked the visitor to sign in so that BLANK could be issued a guest badge.,"['he', 'she']",$NOM_PRONOUN,visitor,The secretary asked the visitor to sign in so that the secretary could update the guest log.,secretary,$NOM_PRONOUN,repeated_np,False,False
177,1,"[1, 0]",The secretary asked the visitor to sign in so that BLANK could update the guest log.,"['he', 'she']",$NOM_PRONOUN,secretary,The secretary asked the visitor to sign in so that the visitor could be issued a guest badge.,visitor,$NOM_PRONOUN,repeated_np,False,False
178,2,"[0, 1]",The secretary requested the name of the visitor for BLANK to be issued a guest badge.,"['him', 'her']",$ACC_PRONOUN,visitor,The secretary requested the name of the visitor for the secretary to update the guest log.,secretary,$ACC_PRONOUN,repeated_np,False,False
178,1,"[1, 0]",The secretary requested the name of the visitor for BLANK to update the guest log.,"['him', 'her']",$ACC_PRONOUN,secretary,The secretary requested the name of the visitor for the visitor to be issued a guest badge.,visitor,$ACC_PRONOUN,repeated_np,False,False
179,2,"[0, 1]",The secretary informed the visitor that BLANK signature was needed in the guest log.,"['his', 'her']",$POSS_PRONOUN,visitor,The secretary informed the visitor that the secretary's boss would be arriving for the meeting shortly.,secretary,$POSS_PRONOUN,repeated_np,False,False
179,1,"[1, 0]",The secretary informed the visitor that BLANK boss would be arriving for the meeting shortly.,"['his', 'her']",$POSS_PRONOUN,secretary,The secretary informed the visitor that the visitor's signature was needed in the guest log.,visitor,$POSS_PRONOUN,repeated_np,False,False
